82fcd445ee9fb179dad4865b9fa5e43f.png	https://user.uploads.dev/file/82fcd445ee9fb179dad4865b9fa5e43f.png
82789641e1ede0dbfb2ae51822e1ff6c.png	https://user.uploads.dev/file/82789641e1ede0dbfb2ae51822e1ff6c.png
0628e9c6eb14cc6a05f00ad812bcb1ad.webm	https://user.uploads.dev/file/0628e9c6eb14cc6a05f00ad812bcb1ad.webm
074563b450312ff3be31cdd7a47e7aae.webp	https://user.uploads.dev/file/074563b450312ff3be31cdd7a47e7aae.webp
b8112cfd04a826307a9020b42a848271.webp	https://user.uploads.dev/file/b8112cfd04a826307a9020b42a848271.webp
06b053e38b83d2c3fee9b6a3e6fafccd.webp	https://user.uploads.dev/file/06b053e38b83d2c3fee9b6a3e6fafccd.webp
c597a1a975536853e3af80c617788fe3.webp	https://user.uploads.dev/file/c597a1a975536853e3af80c617788fe3.webp
3caa644aaa99229251305dba750b1d8d.webp	https://user.uploads.dev/file/3caa644aaa99229251305dba750b1d8d.webp
d67334425bae8f918fcfd18905ce1db5.webp	https://user.uploads.dev/file/d67334425bae8f918fcfd18905ce1db5.webp
2c9db27fe2c892f80965aec9231c2a07.webp	https://user.uploads.dev/file/2c9db27fe2c892f80965aec9231c2a07.webp
f42f563903054660712873d275a1bd32.webp	https://user.uploads.dev/file/f42f563903054660712873d275a1bd32.webp
79ca9348ee57d505bfd3817463fdd1fa.webp	https://user.uploads.dev/file/79ca9348ee57d505bfd3817463fdd1fa.webp
97ee2faeabcb85dbaf5d2f428f073a8b.webp	https://user.uploads.dev/file/97ee2faeabcb85dbaf5d2f428f073a8b.webp
4103a5c4247f4e4f4148624d033fe958.webp	https://user.uploads.dev/file/4103a5c4247f4e4f4148624d033fe958.webp
e0a0ab0049e9f4cb16135afec66e73f5.webp	https://user.uploads.dev/file/e0a0ab0049e9f4cb16135afec66e73f5.webp
cd05beebddea6e885254cb6d9bbb504a.webp	https://user.uploads.dev/file/cd05beebddea6e885254cb6d9bbb504a.webp
a9fb16efe114b8ee8f3265ba96449717.webp	https://user.uploads.dev/file/a9fb16efe114b8ee8f3265ba96449717.webp
a9bc8f2c7c4b873bd822ece954b7f6f0.webp	https://user.uploads.dev/file/a9bc8f2c7c4b873bd822ece954b7f6f0.webp
1b7e4886f2b9777e548dbe96850b9268.webp	https://user.uploads.dev/file/1b7e4886f2b9777e548dbe96850b9268.webp
ef598b4f5c4951c15d973cbd72766160.jpg	https://user.uploads.dev/file/ef598b4f5c4951c15d973cbd72766160.jpg
b8f8c2c9f96f5b1fd639e4e8a32c684a.webp	https://user.uploads.dev/file/b8f8c2c9f96f5b1fd639e4e8a32c684a.webp
d5604eb5afec00911a731348437f934e.webp	https://user.uploads.dev/file/d5604eb5afec00911a731348437f934e.webp
44948d649b9b4276a6fea22021fb054a.jpg	https://user.uploads.dev/file/44948d649b9b4276a6fea22021fb054a.jpg
c75924bd13434834db910ad5526d663c.webp	https://user.uploads.dev/file/c75924bd13434834db910ad5526d663c.webp
a69492c61d56027035fe0a32bfb20846.webp	https://user.uploads.dev/file/a69492c61d56027035fe0a32bfb20846.webp
fd264162f9a793cce2172470dc8cc2c3.webp	https://user.uploads.dev/file/fd264162f9a793cce2172470dc8cc2c3.webp
732bbfa5329bfd4a074a60e8220ad5bc.webp	https://user.uploads.dev/file/732bbfa5329bfd4a074a60e8220ad5bc.webp
74e9426337fdaf0e8e71c536762fae7b.webp	https://user.uploads.dev/file/74e9426337fdaf0e8e71c536762fae7b.webp
bede1c569b4befdb828ab5a922b481cb.jpg	https://user.uploads.dev/file/bede1c569b4befdb828ab5a922b481cb.jpg
43697c7f61538ce111078fc5e2a31584.jpg	https://user.uploads.dev/file/43697c7f61538ce111078fc5e2a31584.jpg
0fd4dc1b32f4497e5651cdaea1934ed6.webp	https://user.uploads.dev/file/0fd4dc1b32f4497e5651cdaea1934ed6.webp
1c780a416c07be2410faf0a98c370427.webp	https://user.uploads.dev/file/1c780a416c07be2410faf0a98c370427.webp
98e62728161c1dc4291ca2a022a6930c.webp	https://user.uploads.dev/file/98e62728161c1dc4291ca2a022a6930c.webp
d4c9ccea5805dee578e299ed5ef850f5.webp	https://user.uploads.dev/file/d4c9ccea5805dee578e299ed5ef850f5.webp
434c4fb85215aad70c2ae8a15e434097.webp	https://user.uploads.dev/file/434c4fb85215aad70c2ae8a15e434097.webp
33354e1adbb0732c38bc3d484a7fa316.webp	https://user.uploads.dev/file/33354e1adbb0732c38bc3d484a7fa316.webp
ce5194b8a9c67c3216ff53ae9275be4f.webp	https://user.uploads.dev/file/ce5194b8a9c67c3216ff53ae9275be4f.webp
1c11525d336a8e6a24228d38d77bd56c.webp	https://user.uploads.dev/file/1c11525d336a8e6a24228d38d77bd56c.webp
1d4a9766a7e0f4166486546ebbb7f988.webp	https://user.uploads.dev/file/1d4a9766a7e0f4166486546ebbb7f988.webp
d649fb1ae0ca6875fbad0014f2331bfd.webp	https://user.uploads.dev/file/d649fb1ae0ca6875fbad0014f2331bfd.webp
df9699151365de316149c920db4835de.webp	https://user.uploads.dev/file/df9699151365de316149c920db4835de.webp
b32bc75841de458f32ea592811589727.webp	https://user.uploads.dev/file/b32bc75841de458f32ea592811589727.webp
2d84e1cd12fbaa79b95a1f964a849cdb.webp	https://user.uploads.dev/file/2d84e1cd12fbaa79b95a1f964a849cdb.webp
7ce1a33eb7d51f2f402bf2f913ec7831.webp	https://user.uploads.dev/file/7ce1a33eb7d51f2f402bf2f913ec7831.webp
558d9eaf35234c8127488236ba3c0035.webp	https://user.uploads.dev/file/558d9eaf35234c8127488236ba3c0035.webp
4257cc27c72430f61c9cb2239d7a9fee.webp	https://user.uploads.dev/file/4257cc27c72430f61c9cb2239d7a9fee.webp
dde73f72c986d3ebc1cd4c65084de32d.webp	https://user.uploads.dev/file/dde73f72c986d3ebc1cd4c65084de32d.webp
1da7d3ab97988ac9b1cb60a6f3f80f7a.webp	https://user.uploads.dev/file/1da7d3ab97988ac9b1cb60a6f3f80f7a.webp
d1d419e149f630a27884b4da591df72e.webp	https://user.uploads.dev/file/d1d419e149f630a27884b4da591df72e.webp
df70a1d6be16518cf8998ee0986c0091.webp	https://user.uploads.dev/file/df70a1d6be16518cf8998ee0986c0091.webp
916a8c1cc0ac7380a8c2b940b5c99966.webp	https://user.uploads.dev/file/916a8c1cc0ac7380a8c2b940b5c99966.webp
41639d09d5fb1f010b1786ea6d6fecf5.webp	https://user.uploads.dev/file/41639d09d5fb1f010b1786ea6d6fecf5.webp
ba0c5ed13d3fb4482b777fcc9584b1a5.webp	https://user.uploads.dev/file/ba0c5ed13d3fb4482b777fcc9584b1a5.webp
ff09e5a7ed1a11f900f55c6aa279ceb1.webp	https://user.uploads.dev/file/ff09e5a7ed1a11f900f55c6aa279ceb1.webp
507a86752817dffbd9386d5898f5fde8.webp	https://user.uploads.dev/file/507a86752817dffbd9386d5898f5fde8.webp
69f8d2626b603ebcf7e9e8e94dad797b.webp	https://user.uploads.dev/file/69f8d2626b603ebcf7e9e8e94dad797b.webp
03f8acd09b86f733927fda091ed3569e.webp	https://user.uploads.dev/file/03f8acd09b86f733927fda091ed3569e.webp
ec30bc2dfa26e142a01d8c83b34c6a80.webp	https://user.uploads.dev/file/ec30bc2dfa26e142a01d8c83b34c6a80.webp
5220db5181783a24ad7c51bf9415c173.webp	https://user.uploads.dev/file/5220db5181783a24ad7c51bf9415c173.webp
49edd1cfd71128213757119b99a63de9.webp	https://user.uploads.dev/file/49edd1cfd71128213757119b99a63de9.webp
009fd72e4f3e42b7e0594e2db8ea4694.jpg	https://user.uploads.dev/file/009fd72e4f3e42b7e0594e2db8ea4694.jpg
1030772353ce2f8b478de1d6a39efe2e.jpg	https://user.uploads.dev/file/1030772353ce2f8b478de1d6a39efe2e.jpg
472caf9ccad5e3c3156bd44f0eada31f.jpg	https://user.uploads.dev/file/472caf9ccad5e3c3156bd44f0eada31f.jpg
1fa7be97627a759297f4ea4fb37b5501.jpg	https://user.uploads.dev/file/1fa7be97627a759297f4ea4fb37b5501.jpg
a20d2f5701995a33fd812d655ec39ba5.webp	https://user.uploads.dev/file/a20d2f5701995a33fd812d655ec39ba5.webp
2db27839884b7473a8a4c513af19f035.webp	https://user.uploads.dev/file/2db27839884b7473a8a4c513af19f035.webp
a700c0db534d853553e52b468baac4a048b38c767805db61e4cf3ddec8d9e9a4.jpeg	https://aigc.uploads.dev/image/a700c0db534d853553e52b468baac4a048b38c767805db61e4cf3ddec8d9e9a4.jpeg
52cc0c6fc5166d327844313d2c6245ac.webp	https://user.uploads.dev/file/52cc0c6fc5166d327844313d2c6245ac.webp
984482dd65d5f7cab480d6b8c85da432.webp	https://user.uploads.dev/file/984482dd65d5f7cab480d6b8c85da432.webp
79fa80d82664f2a538118997d9bd0b78.webp	https://user.uploads.dev/file/79fa80d82664f2a538118997d9bd0b78.webp
e9ae2cc46a54f3566e809f38e9db035a.webp	https://user.uploads.dev/file/e9ae2cc46a54f3566e809f38e9db035a.webp
50985b4c22c2a77e06ea36e5802cf8ae.webp	https://user.uploads.dev/file/50985b4c22c2a77e06ea36e5802cf8ae.webp
2d99a8f110d5efac98c64a529570613f.webp	https://user.uploads.dev/file/2d99a8f110d5efac98c64a529570613f.webp
153cb0c63d11403fe44cfabc89f77fb0.webp	https://user.uploads.dev/file/153cb0c63d11403fe44cfabc89f77fb0.webp
df745980f31a37680e97f4f154124222.webp	https://user.uploads.dev/file/df745980f31a37680e97f4f154124222.webp
39c2b48308ce551c0ad18f3ca46ff967.webp	https://user.uploads.dev/file/39c2b48308ce551c0ad18f3ca46ff967.webp
ea64aa498f9affdd98f62ad6fd115500.jpg	https://user.uploads.dev/file/ea64aa498f9affdd98f62ad6fd115500.jpg
d99ffa2f3772b63c7efb8895c8ac8eed.webp	https://user.uploads.dev/file/d99ffa2f3772b63c7efb8895c8ac8eed.webp
276396093b5be34b517b30a1f346a183.webp	https://user.uploads.dev/file/276396093b5be34b517b30a1f346a183.webp
547709a3c67f41618ce6f664b04d843b.webp	https://user.uploads.dev/file/547709a3c67f41618ce6f664b04d843b.webp
959aadb98f64b2ceb0f3835446be3f09.webp	https://user.uploads.dev/file/959aadb98f64b2ceb0f3835446be3f09.webp
99205367c9e157141ea172f4b445e60e.webp	https://user.uploads.dev/file/99205367c9e157141ea172f4b445e60e.webp
13256a858e6cde33dd893e6793efffa7.webp	https://user.uploads.dev/file/13256a858e6cde33dd893e6793efffa7.webp
4889cc1ce9dd2f6a41242a8f959abcac.webp	https://user.uploads.dev/file/4889cc1ce9dd2f6a41242a8f959abcac.webp
482f791db091ec77bf9679ffc4ca027a.webp	https://user.uploads.dev/file/482f791db091ec77bf9679ffc4ca027a.webp
77d995c26d0ea4d7db80aecc2c633f4e.webp	https://user.uploads.dev/file/77d995c26d0ea4d7db80aecc2c633f4e.webp
93e7e6d4ef7d1d2c99be3e4d313680f2.webp	https://user.uploads.dev/file/93e7e6d4ef7d1d2c99be3e4d313680f2.webp
3940527de90dbb9c2207533cf495ec50.webp	https://user.uploads.dev/file/3940527de90dbb9c2207533cf495ec50.webp
d6a277f08caa116e7f83ed05ad7bd32c.webp	https://user.uploads.dev/file/d6a277f08caa116e7f83ed05ad7bd32c.webp
d33d496f0af209cf62cecba8f31ea571.webp	https://user.uploads.dev/file/d33d496f0af209cf62cecba8f31ea571.webp
3bf04723cb3b1ccd3a7bc36ad298cc4d.webp	https://user.uploads.dev/file/3bf04723cb3b1ccd3a7bc36ad298cc4d.webp
ae2125070e9b36a3bb496cca3fd3ce2d.webp	https://user.uploads.dev/file/ae2125070e9b36a3bb496cca3fd3ce2d.webp
5715976831f6a93715c9d199b3e82034.webp	https://user.uploads.dev/file/5715976831f6a93715c9d199b3e82034.webp
3d73b7d75827781797ab28094bb242c6.jpg	https://user.uploads.dev/file/3d73b7d75827781797ab28094bb242c6.jpg
bf29cb5cc0318957642cc2da85e4236d.webp	https://user.uploads.dev/file/bf29cb5cc0318957642cc2da85e4236d.webp
ba89f7f9f6a773ef9604891e6a935ffd.webp	https://user.uploads.dev/file/ba89f7f9f6a773ef9604891e6a935ffd.webp
1974dcff58439f5a4ef85662fde25ca7.webp	https://user.uploads.dev/file/1974dcff58439f5a4ef85662fde25ca7.webp
fc3a573306505ea43f4741739e09ff5b.webp	https://user.uploads.dev/file/fc3a573306505ea43f4741739e09ff5b.webp
cae1d2f82c6d1250c32823aa0293d441.webp	https://user.uploads.dev/file/cae1d2f82c6d1250c32823aa0293d441.webp
cfc51755919e188e210ec289e8220f24.webp	https://user.uploads.dev/file/cfc51755919e188e210ec289e8220f24.webp
dbaa6c888365dc659ca55f1033b4a818.webp	https://user.uploads.dev/file/dbaa6c888365dc659ca55f1033b4a818.webp
a3d3b04381d0773d5801a30b95973d57.webp	https://user.uploads.dev/file/a3d3b04381d0773d5801a30b95973d57.webp
2d4591cb8dad33d0b8d207effd4b68df.webp	https://user.uploads.dev/file/2d4591cb8dad33d0b8d207effd4b68df.webp
c5ed0be505eb7ebe2f72ee9dceb0c556.webp	https://user.uploads.dev/file/c5ed0be505eb7ebe2f72ee9dceb0c556.webp
2a886f0e3bf95962d3706248a6dd2541.webp	https://user.uploads.dev/file/2a886f0e3bf95962d3706248a6dd2541.webp
import-assets/huge-emojilist-furry-generator/d974f4d206a97233ec5ad6ec93300790.txt	undefined
import-assets/huge-emojilist-furry-generator/6a94a2e57992b3c62fe8a37533209040.txt	undefined
import-assets/huge-emojilist-furry-generator/7613ce5d622bc5a7806da86b6139c681.txt	undefined
import-assets/huge-emoji-list/a39d52b89a33865b9a903fcc5786a2da.txt	undefined
import-assets/t2i-framework-plugin-v2-furry-v1/94fce5ef5347e011a05621065d271fc3.bin	undefined
import-assets/huge-emojilist-furry-generator/fbfcf2da0464e1e3b65ae85f722849c1.png	undefined
import-assets/huge-emojilist-furry-generator/e7d22b13d2b0e7211c04fcf34dbb771d.png	undefined
import-assets/huge-emojilist-furry-generator/a85be30999d19223c500f127f9922f97.png	undefined
import-assets/huge-emojilist-furry-generator/510876dec31462962976be4620b96dca.png	undefined
import-assets/huge-emojilist-furry-generator/1898031c54d8bbec696cef45c1b45df4.png	undefined
import-assets/huge-emojilist-furry-generator/8047f91b9257009d695219fc0302eae3.png	undefined
import-assets/huge-emojilist-furry-generator/44067aca5cb40ae4d11937a736972c5b.png	undefined
import-assets/huge-emojilist-furry-generator/9a80ebcd090843206df995268f9bf8c1.png	undefined
import-assets/huge-emojilist-furry-generator/bf297e22cd80e7cecde51f92b853dea8.png	undefined
import-assets/huge-emojilist-furry-generator/a50a3439e356cbd2856efce830c657ab.png	undefined
import-assets/huge-emojilist-furry-generator/fb1c075cf8cc127acc930eac039b72f2.png	undefined
import-assets/huge-emojilist-furry-generator/d615c016091857ce5a23b8c60e84c2cb.png	undefined
import-assets/huge-emojilist-furry-generator/1bf99099520f0bc65ac0985bb6c6417d.png	undefined
import-assets/huge-emojilist-furry-generator/2db6c20168cd60ec15999ac1a7249bf0.gif	undefined
import-assets/huge-emojilist-furry-generator/dab37d62c53614d16573ab3d0b9545d6.png	undefined
import-assets/huge-emojilist-furry-generator/b8151dd6c12a1f65e21a0af396a7cbe3.png	undefined
import-assets/huge-emojilist-furry-generator/a459c7307b1bdfa507d2f9695ae58033.png	undefined
import-assets/huge-emojilist-furry-generator/d3058ec93188cd5cb8a910afe811893b.webp	undefined
import-assets/huge-emojilist-furry-generator/ae3714fa4335fa49531659a573299843.png	undefined
import-assets/huge-emojilist-furry-generator/251c8896c9ef09745110c8dc35e7228a.webp	undefined
import-assets/huge-emojilist-furry-generator/10f15ab934f1852625a0528c1e36ff0f.png	undefined
import-assets/huge-emojilist-furry-generator/e6fd8c251ceb9f3b8da1df3439b19640.webp	undefined
import-assets/huge-emojilist-furry-generator/9ecccc06c083b42d7c37d71bcd7a0828.webp	undefined
import-assets/huge-emojilist-furry-generator/b291b62f2ddde7bf20a241e9f5b19dc4.gif	undefined
import-assets/huge-emojilist-furry-generator/adecfe6b25e2b4278db98a60b83c8297.png	undefined
import-assets/huge-emojilist-furry-generator/13729c5d1ca4b73ca37e9d09d96fbf24.png	undefined
import-assets/huge-emojilist-furry-generator/195d9337383840cc816801585760cdc2.webp	undefined
import-assets/huge-emojilist-furry-generator/7e3a98614a44c9b48fde826f9f8791b3.webp	undefined
import-assets/huge-emojilist-furry-generator/91810d641ba1f58a33b3ee38af915626.png	undefined
import-assets/huge-emojilist-furry-generator/850b76086bf0c3fe87fd4b48baa8a85c.webp	undefined
import-assets/huge-emojilist-furry-generator/33839017cdc48bbc55f34b070b508440.webp	undefined
import-assets/huge-emojilist-furry-generator/dbd1a6865f4fe68fcf423a7df49a156c.png	undefined
import-assets/huge-emojilist-furry-generator/0e978d1158371362596921ceff6fd2d0.png	undefined
import-assets/huge-emojilist-furry-generator/209fdfeff8bb531fdad3784c44034ff7.png	undefined
import-assets/huge-emojilist-furry-generator/3514839e3f99f4fefcd6b81f6c0fbc81.webp	undefined
import-assets/huge-emojilist-furry-generator/42e1a26ff8b12ff95e5f1b2d1ca319ba.webp	undefined
import-assets/huge-emojilist-furry-generator/35e855b1e4764cada29e33aac355e3f0.webp	undefined
import-assets/huge-emojilist-furry-generator/01e9ce937958b06215b6a6cfcec958c4.webp	undefined
import-assets/huge-emojilist-furry-generator/d5d30e1d68d313182877135c4ee78a06.webp	undefined
import-assets/huge-emojilist-furry-generator/75b0e3502a81923ad54b9a22f2ef9527.webp	undefined
import-assets/huge-emojilist-furry-generator/8d906ef44cb298b14456ee5739521ad6.webp	undefined
import-assets/huge-emojilist-furry-generator/a70a9c6c1a9dec35d32ee7b4ecbeaa5c.webp	undefined
import-assets/huge-emojilist-furry-generator/56b097c78248268241353184160b05d3.png	undefined
import-assets/huge-emojilist-furry-generator/985f002f68f659f651edd378e8e23f8e.webp	undefined
import-assets/huge-emojilist-furry-generator/e9f2cc0f7bb9eb9a235a2e03f45c13c2.webp	undefined
import-assets/huge-emojilist-furry-generator/b4a2b8a272cb719cccfbb5948eee167b.webp	undefined
import-assets/huge-emojilist-furry-generator/83b566ae9cb22286e60764bb7f1c3812.webp	undefined
import-assets/furry-banlist/4bfde07739ae15066f001cdfb35436ab.jpg	undefined
import-assets/huge-emojilist-furry-generator/86b126961e2847911d42fe1521e9f39a.webp	undefined
import-assets/huge-emojilist-furry-generator/7d0c3fb27522472cf3d3946f7de07502.webp	undefined
import-assets/huge-emojilist-furry-generator/f836512f182c9c655b9f59538933d28b.webp	undefined
import-assets/huge-emojilist-furry-generator/589be5080bbb2c7e9e77044c57844c1e.webp	undefined
import-assets/huge-emojilist-furry-generator/fe6070a5f7eaefe61cc1b5ff3ad037ee.webp	undefined
import-assets/huge-emojilist-furry-generator/e655ed9f1da1308b2042f521fbc895cc.webp	undefined
import-assets/huge-emojilist-furry-generator/dabc9bd7638c4cff30b5efa25ee0ebc6.webp	undefined
import-assets/huge-emojilist-furry-generator/017c8bd6671fe703274b9d733577fd79.webp	undefined
import-assets/huge-emojilist-furry-generator/8e57e0398ef54fee456e5382fabb7226.webp	undefined
import-assets/ai-furry-generator-style-v17/4657f05723acbfd974bca32697e48c9e.jpg	undefined
import-assets/huge-emojilist-furry-generator/25db01ddac14f1c35ddb691bae1e8dae.webp	undefined
import-assets/huge-emojilist-furry-generator/0a31de5e01d8bfba5ccd28c9a04c49c1.webp	undefined
import-assets/huge-emojilist-furry-generator/0fb1ef26a134811344eff33c8ca81f3f.webp	undefined
import-assets/huge-emojilist-furry-generator/a5601aeaa1e06b4a2cfed33657063f40.png	undefined
import-assets/huge-emojilist-furry-generator/2eaf31f29dbabc7e91e099bd4a019fd8.png	undefined
import-assets/ai-furry-generator-style-v17/b9c103b66f34fd330930ca98cbadcbce0dd11b759bb9210267d40bb48bff8ab3.jpeg	undefined
import-assets/ai-furry-generator-style-v17/8b4d48057417ac99bf7f2b14d1541a3c3885cdacbfcf40152b7a4dbe4c166c0b.jpeg	undefined
import-assets/ai-furry-generator-style-v17/70f72e9dd874341a6b12aca2660ccf239b2f287221cd6788c2687a7bfc8409b1.jpeg	undefined
import-assets/ai-furry-generator-style-v17/d1bd4c077d2b663d1a700c815c13936375ebb3da8a4f88cec6585300354494da.jpeg	undefined
import-assets/huge-emojilist-furry-generator/2fa54e94baae7dfabff180aa129c23f2.png	undefined
import-assets/huge-emojilist-furry-generator/dc773008658b86666379ab8ed21080e3.png	undefined
import-assets/ai-furry-generator-style-v17/a35d7c0ca06ea5fc0b06ebd38435c7c19f52d2e1687fd564b26e21d28d594b12.jpeg	undefined
import-assets/ai-furry-generator-style-v17/b22261add17b2d7da2c933d94f540c75c43dc9bba790447c648b13528704c298.jpeg	undefined
import-assets/ai-furry-generator-style-v17/f08e970ba3e16fac96badff4e46e7cac3150a57b4bb483798ec68d742d7095c4.jpeg	undefined
import-assets/ai-furry-generator-style-v17/761fac7801783ae9427fc35898ed909544e4e5d614906c14f7e00c669207506d.jpeg	undefined
import-assets/huge-emojilist-furry-generator/7970edf1213b38b45e2ed6b030451447.png	undefined
import-assets/huge-emojilist-furry-generator/f1d039e578bc25b4325f75b4f90d9982.webp	undefined
import-assets/ai-furry-generator-style-v17/e305f2fce5e81a92721eeb7dd4d0c962a81c267b0e39b62183f6be516b7de694.jpeg	undefined
import-assets/huge-emojilist-furry-generator/2e995d97ab76bb40cde96b9d97c34aef.webp	undefined
import-assets/ai-furry-generator-style-v17/4796363374df9a97281ba230e1f4b3f22fe1ac05f529f042987507235979c4dc.jpeg	undefined
import-assets/ai-furry-generator-style-v17/df834d1b60f699b61e1da2f73447006c9fdf8c45695f5e25b3937c9f8b263a91.jpeg	undefined
import-assets/ai-furry-generator-style-v17/57abe056f57e62889886739b3f688fd182c0d5d8c2e5f487ff00b671c0353bf9.jpeg	undefined
import-assets/huge-emojilist-furry-generator/d94ec792db459cec209ca1066c5392e9.webp	undefined
import-assets/huge-emojilist-furry-generator/84aa99f648a6d40c4186486b0c2decf9.png	undefined
import-assets/ai-furry-generator-style-v17/8088e2767a257b762f041cd2f2f10606dd3877951e7061d73578b5e6170f2b7a.jpeg	undefined
import-assets/huge-emojilist-furry-generator/baa357b36bbd00e3906133db2c9e7750.webp	undefined
import-assets/huge-emojilist-furry-generator/db4b17ff7808345fdac9599d5e936956.webp	undefined
import-assets/huge-emojilist-furry-generator/8e3bb2097908263cf47820d960e59e01.png	undefined
import-assets/huge-emojilist-furry-generator/ed63f8249c335a42bceee44d35310b1f.webp	undefined
import-assets/ai-furry-generator-style-v17/1a46a9161fe2613c782fad522c92952d6c0d4ca21620d13441fb821e22d1d133.jpeg	undefined
import-assets/ai-furry-generator-style-v17/89a3e5bba269530946c5a8d7a89e41e5.jpg	undefined
import-assets/ai-furry-generator-style-v17/690991bead561fd64e4b794c465f7cbd.jpg	undefined
import-assets/huge-emojilist-furry-generator/cb1fc1cdaf0455e78c3ae941830b5414.webp	undefined
import-assets/ai-furry-generator-style-v17/5c41072a5b5f7a620afb34ea7863909d72f4c368c02455b2486197d624812c11.jpeg	undefined
import-assets/furry-banlist/17b4331b0a1eb6d6edc341a26baefcc5264182ff66801844a8f9c4c104477a0a.jpeg	undefined
import-assets/huge-emojilist-furry-generator/cef83de4867c5528210051e82a65e344.webp	undefined
import-assets/ai-furry-generator-style-v17/34e97763d5b7fd1d617e70f42334b40f.jpg	undefined
import-assets/ai-furry-generator-style-v17/d0c7073ef59ee27fc2caa5b595e9dc793bfcc789a038c50b8c209941583cc083.jpeg	undefined
import-assets/furry-banlist/4465e644ae3e5ba1038edff010b16b97b69d67ed8c01b0ff0e50f88b65033614.jpeg	undefined
import-assets/ai-furry-generator-style-v17/bf70a39f134efb73fdcb90a40746d2011a7b51fe3fe82ac4b826940567117901.jpeg	undefined
import-assets/huge-emojilist-furry-generator/c6eb3997e4cfafcdc7f7eb47b66ea9a5.webp	undefined
import-assets/ai-furry-generator-style-v17/8d740a04c5b72661ca335be1faa18fc1b3a8600688328e63a64fb01e896e879f.jpeg	undefined
import-assets/huge-emojilist-furry-generator/08cb6a2767b777bd33ea9802aa946716.webp	undefined
import-assets/ai-furry-generator-style-v17/749d2114749afaf2d839ab4471049e5281770077252aaacabadc07ed9457e868.jpeg	undefined
import-assets/huge-emojilist-furry-generator/9eabac0b6bb7b991807ce52996b1cb56.webp	undefined
import-assets/huge-emojilist-furry-generator/ff26f97a889f99d23db3769374d36d69.webp	undefined
import-assets/ai-furry-generator-style-v17/a94fe0b3f259e8b8608a402d2b4bae924fcb064f1706b84d5e1c44b61ad03a48.jpeg	undefined
import-assets/furry-banlist/b5ba1cc0b10ce7f5ab8cc657703aa122.jpg	undefined
import-assets/furry-banlist/b5f1f360533ed5c0aae799544e4f39296b513b35334893ea3fad1f7b20b0993f.jpeg	undefined
import-assets/huge-emojilist-furry-generator/232499be559fab8a3eed10a6b912527a.webp	undefined
import-assets/huge-emojilist-furry-generator/2d97f439c841b3fb7995fcff8a564352.webp	undefined
import-assets/ai-furry-generator-style-v17/2f47b2908c9df3e329941f4cbc402059466fc096ad04ccff64796cf6a6bee390.jpeg	undefined
import-assets/furry-banlist/fc0547f339cd7eba784e7257b90a750e9b09487e97b9dd0a5aa999e31a523090.jpeg	undefined
import-assets/ai-furry-generator-style-v17/7561161745246547e73209391596019b832d7192ddb2e476e37c69dd91d8c858.jpeg	undefined
import-assets/huge-emojilist-furry-generator/7e0df140ce97080450115a42537f12e9.webp	undefined
import-assets/huge-emojilist-furry-generator/7400678ef108735ac50699062d876811.webp	undefined
import-assets/huge-emojilist-furry-generator/56962e4de6993035cb60be09dc2165b6.webp	undefined
import-assets/furry-banlist/fbec2d505174b54e2f227bbae5291b5961006580fe6f1ae73b35503e1b6406e9.jpeg	undefined
import-assets/ai-furry-generator-style-v17/489f1f2754b66bfdbaa019875039d2686fec22f58566018e76dde5cf794afbd3.jpeg	undefined
import-assets/ai-furry-generator-style-v17/3ccd58487b563b93c02d26e1254195f879c873f20049a9d3d4ceea6b398bebb2.jpeg	undefined
import-assets/furry-banlist/3827e6c9fabc95f19f6f2ce529a3b210947d6bde63bdbeb371188f0df0c0064a.jpeg	undefined
import-assets/huge-emojilist-furry-generator/2b00df73a6912687f056dc2cdf0c60d8.webp	undefined
import-assets/ai-furry-generator-style-v17/becbc786c767ce150334ef69e00b789acec78873406d8328f31773132163ed91.jpeg	undefined
import-assets/furry-banlist/e6ebd50218fae87ff3ec8341f3103ee02d7bccdc3db77acc179d8751575ee493.jpeg	undefined
import-assets/ai-furry-generator-style-v17/98f8e5d528ab3ee9befe044b256d0a3c56151169fa864152967ba9de3b1f58ec.jpeg	undefined
import-assets/ai-furry-generator-style-v17/c73a383c9a8de52b10d475c426d52215a13f3d294a0cffafe72b29770ebdf839.jpeg	undefined
import-assets/huge-emojilist-furry-generator/fe7abbb8a2d90a21d5dbefe7cbcfe6a6.webp	undefined
import-assets/furry-banlist/aca05576d13b90ed50e2e287635b97db20d2387ef3f15d283e5473ca721ec544.jpeg	undefined
import-assets/huge-emojilist-furry-generator/b8cd0a8f8327537da5c3d064a510aa34.webp	undefined
import-assets/ai-furry-generator-style-v17/ebb4825394ddb950a6101400016916c522897e09ab56f829ec3d28e3111dfbcd.jpeg	undefined
import-assets/huge-emojilist-furry-generator/35431c08cfbd2e3d9a9f5b159423bc70.webp	undefined
import-assets/huge-emojilist-furry-generator/4cd5b75a88a2296e01b38192069f3cea.webp	undefined
import-assets/huge-emojilist-furry-generator/113e236b7bc42aec21798d7776684fba.png	undefined
import-assets/ai-furry-generator-style-v17/f5781ee2e026259fdef90e7cac92e7c06811d58f238d7e3d8788e3f0a3fa8930.jpeg	undefined
import-assets/huge-emojilist-furry-generator/46ade7ead247329c42765241a2916812.jpg	undefined
import-assets/furry-banlist/6d640a1a870ed5ec2463196309f17b70afb986f99fbdb52073d104919fbad6cf.jpeg	undefined
import-assets/ai-furry-generator-style-v17/7e359663ae8904f3b033e3496b8951a59b08a03b84e1b67d23d633b0c0fe9bb0.jpeg	undefined
import-assets/ai-furry-generator-style-v17/414868baae694462c0c8575abdd7f78cb2a7e82fdf9169da31b0d33a67ef2dbe.jpeg	undefined
import-assets/ai-furry-generator-style-v17/01ef12f5b706d6ce93b7657eea58d93a2070e57b0185c421dae28383e3bde470.jpeg	undefined
import-assets/ai-furry-generator-style-v17/c4bf54d6084ce729f6fed0d638bfa751b48043e0562e3162f8d4872a08bb546d.jpeg	undefined
import-assets/ai-furry-generator-style-v17/7fad7d40737d19a85c827b33d2a3a6c1b2514ec3ac225edeb998deb8cf25cf62.jpeg	undefined
import-assets/ai-furry-generator-style-v17/8cadc13016277d0de0be85b2193eb87855fd1b81b2b5fc5e0241422e4aa4742b.jpeg	undefined
import-assets/furry-banlist/46ff148554c8d2be3b9f648de6a94dfeb957b06853054109b297b6c1a9fda950.jpeg	undefined
import-assets/ai-furry-generator-style-v17/72f5a46d9555ba3b3cf7d26d223483fa56b1355090519e3514377210f1ca42df.jpeg	undefined
import-assets/furry-banlist/0435576eefa7c68bc96d0a034dcb4b7702941fef67d4ce8f5f7de8fbfccf7b07.jpeg	undefined
import-assets/ai-furry-generator-style-v17/a5e46eba73559e56dd6f5960b569f8d6.jpg	undefined
import-assets/furry-banlist/463c332adece53be196bceab1c5a6c7cdee4250daee96e23e857c0131ed1e900.jpeg	undefined
import-assets/furry-banlist/b6f021753e198f06caa735f34e591def909c2d7a5949daf2c4f69ce91e46e315.jpeg	undefined
import-assets/ai-furry-generator-style-v17/e6e9572029e0d7583fecc86bd073d6417ea52a29e41ce209f30b746e07cb68cc.jpeg	undefined
import-assets/ai-furry-generator-style-v17/14dfc1532efa77382929411cfb2ec49aada40e6a9e5a72d3a668889887c22428.jpeg	undefined
import-assets/furry-banlist/cb4eb6b1a29af6feefefffff003c0a272e0e4af1fdd215f8ecabf43a68a44470.jpeg	undefined
import-assets/furry-banlist/2473c6e264bf1096ec07c6a4d7eea7c03a4bcd17023db85d471a292e7c98699d.jpeg	undefined
import-assets/furry-banlist/531167027ada10a03d2d210449246735bb8d317742768d700a2b6b9dcad2f122.jpeg	undefined
import-assets/huge-emojilist-furry-generator/a7d3a5b71995a0ce6a3eb0e63a87c33f.png	undefined
import-assets/ai-furry-generator-style-v17/991952bffcd84222d5b5f546b59e85d612dbeab14d9307cd870d3824bbc69954.jpeg	undefined
import-assets/furry-banlist/7e2769cfa911a8453c2cf77b16090d0a6d3ee4df2309389aa173076c9dadd39e.jpeg	undefined
import-assets/ai-furry-generator-style-v17/af357bb4cdd474c6f1a2d0a2173b4e7d6f8746bb82a29a8f04cbf4224b00506a.jpeg	undefined
import-assets/furry-banlist/58a1faccb72f3a3c3a6ceece16e56cbc59c54c1f0e912cbcbb2e2bac074cccb0.jpeg	undefined
import-assets/ai-furry-generator-style-v17/b309527c7c89db5e9524370a3c360a0f08d116518f0810be43b2ac0f9f3bcfe7.jpeg	undefined
import-assets/ai-furry-generator-style-v17/3199ed51e5d83bd6e56f9e1956d14f06ce5c86684f4a4bf9909bdcf7941de583.jpeg	undefined
import-assets/furry-banlist/c9e32c305427e9f2b0268e8d72d8bb989f0910727ebf740132adea2166782358.jpeg	undefined
import-assets/furry-banlist/4bf423a8768d37698ae26f2a8cb99a2691e5c7e338535137c34146371cf28390.jpeg	undefined
import-assets/furry-banlist/a247653565ab10866ee3f70228b6298c02af6fa8e8f16add77baa41a41dd97e9.jpeg	undefined
import-assets/huge-emojilist-furry-generator/c64d45c2173d8f383fc7cbf487761c81.webp	undefined
import-assets/ai-furry-generator-style-v17/4edaaba070282915b1682c5b7846267659a3cf42ca7d70ffad35ced758627252.jpeg	undefined
import-assets/ai-furry-generator-style-v17/4f0d324cd7b617ad8da417348a6b39b2a1026b4edb70bbf3d899e336c292ccde.jpeg	undefined
import-assets/huge-emojilist-furry-generator/a73b8289101ffc56ca32d3f0a161f438.webp	undefined
import-assets/ai-furry-generator-style-v17/34beda2f33c354d401dcebcec8e9c17a58744cb648deacd0d645819d3828a63b.jpeg	undefined
import-assets/ai-furry-generator-style-v17/8c7830eb6feb1c1ec625f0f309f7228b7ea7cf4112c0c6ffa7a0b74762ded1af.jpeg	undefined
import-assets/furry-banlist/d24fe80821740f6d1f7e26c45cfd20164250ec16806f781e97e70de5456b03cb.jpeg	undefined
import-assets/huge-emojilist-furry-generator/0f2699f74d715a7257c07eec78a7f7d5.webp	undefined
import-assets/ai-furry-generator-style-v17/860d0433a44bfd23189c9f6c6c4c3c0d1a86027512eec612673ab7e96d8d6df4.jpeg	undefined
import-assets/furry-banlist/6d0a7ffdc22e8d0975613ebb8886796c7aab72b8a9b6c02fafe2aebe701f789a.jpeg	undefined
import-assets/huge-emojilist-furry-generator/5a9e148a2f296ff25d237686cf443e46.png	undefined
import-assets/huge-emojilist-furry-generator/abb52b9177e73f1e354e5e0a783643a7.png	undefined
import-assets/ai-furry-generator-style-v17/91ce4e625419c410829272789e4f48ca9f039c25f0c9a9064f3ac5f4c06fef7b.jpeg	undefined
import-assets/huge-emojilist-furry-generator/bd944274e11130ebc95d9f5c5919eb1b.png	undefined
import-assets/furry-banlist/dbfeba0a4e022538dff97c4d2608b9ca43f05422478b46433d0a3bcae91220c1.jpeg	undefined
import-assets/huge-emojilist-furry-generator/0656ea277c0e8e4e37b1155a1ee0f892.png	undefined
import-assets/ai-furry-generator-style-v17/d789a472d0a5c60a18cab8d8b1627a21.jpg	undefined
import-assets/ai-furry-generator-style-v17/be737fd4eb6e903d7ca03a1c04fe1e147e3111687e704965f6f123e06e608efc.jpeg	undefined
import-assets/ai-furry-generator-style-v17/abcc375a69141b0550e8bb07102a1a745844093a25805f01c816643e082c67d8.jpeg	undefined
import-assets/furry-banlist/33d74a1e929d67862c2f8f117174f0b68a65d01af7c878c42ad2df17e4e36954.jpeg	undefined
import-assets/furry-banlist/4d2e78e585dbc6572ce1d6c712992ba0f3c9dcba5374760192a49c2fbbc5c451.jpeg	undefined
import-assets/furry-banlist/4f8cbb7bbcb85ea7082c0f514cbd0850352872c93fdad8cbb4d98512fdc41c3f.jpeg	undefined
import-assets/huge-emojilist-furry-generator/219394393c61265f747f1c8a4be79a28.png	undefined
import-assets/furry-banlist/4d358d55503b2255667d50a0916d05a41054ad3d9fc1bf6b2eef4e5359f5047f.jpeg	undefined
import-assets/furry-banlist/6712fc3b05fb3532172788cabecec95bde93844352be77335c151d98c4ae9091.jpeg	undefined
import-assets/furry-banlist/81ac99d8a6c3882134cc2c82836e379cdad70c79e9a4cdb8c39344c687bbb269.jpeg	undefined
import-assets/ai-furry-generator-style-v17/1cc647174745c839481a2eab97106c66fb8367299885726c5cc4ecc6df1889d4.jpeg	undefined
import-assets/furry-banlist/82bb7a8045a66eaabcc676d290290df3fea85c2f64e7ee6f0ee48e4e6616e58c.jpeg	undefined
import-assets/furry-banlist/2e4a929ef8b14c55efac62c60059bc9326baa454236a372112a53883e37e0577.jpeg	undefined
import-assets/huge-emojilist-furry-generator/26a06a04a7f7fecc9699bf1b5abfdc22.webp	undefined
import-assets/huge-emojilist-furry-generator/e5c89a105a09396138ba50ee707aea74.png	undefined
import-assets/ai-furry-generator-style-v17/ef564521a45000e2018219a7ab8a1e928cd17278f2c6f2c9181e854810be0261.jpeg	undefined
import-assets/ai-furry-generator-style-v17/aac4b9d8ad1b1120d35e412642bedc4e93c8539aec9cd8953b783d34f357febe.jpeg	undefined
import-assets/furry-banlist/296b0300fb6df818b4558e6e46a82b17277cac387b974a266b34c135fc551893.jpeg	undefined
import-assets/furry-banlist/54d165bca6cd0faf31b9ec0baf0653b505ecfcafaa1277c0c9fbb33e776c08b7.jpeg	undefined
import-assets/furry-banlist/2ec3afb12620efdbe500c694883aea23b952fc9e6d143e920eae524f8cfa395e.jpeg	undefined
import-assets/huge-emojilist-furry-generator/9a01e4f82af63826be2f1e1d7b910ec1.webp	undefined
import-assets/furry-banlist/1dc8bf4038729a6a77b270c5b80ad354abceae9d269cb20b2844b89409c38f9e.jpeg	undefined
import-assets/furry-banlist/2afd41a7a748a9da38e73944d84dfa3547fcb4aaf960682f46ffc5c99c132abf.jpeg	undefined
import-assets/furry-banlist/1abe710ed2e0f766e773bec482ee09fd69555d87aa9b4df989ceb8e18c9beb4d.jpeg	undefined
import-assets/ai-furry-generator-style-v17/2fab3ca7a1a5b439c00da561de80e2cd9f42b277b50bd2c4d9bfe90f497b81b6.jpeg	undefined
import-assets/furry-banlist/f9d44d845d425992dbc6a5d7da2c64c03c112718a24fba0b58d7e0315bc14589.jpeg	undefined
import-assets/huge-emojilist-furry-generator/38df9a38c05ee1c470aa6bf766cb26e2.png	undefined
import-assets/huge-emojilist-furry-generator/19adb1defb51948559f530d91e634290.png	undefined
import-assets/furry-banlist/f8d00facecae32135e4324d030dd07713aa85e438f84f8931fa34b504f22022a.jpeg	undefined
import-assets/ai-furry-generator-style-v17/1c6d54ee04cc0b0402975eab5184bd811f349322bcb7278d6bb097cee5fa1c88.jpeg	undefined
import-assets/furry-banlist/a4b976bb9ce7287c77887aa0ea339bf00a133bebd6702c54e3fe0c501b8f9935.jpeg	undefined
import-assets/huge-emojilist-furry-generator/a9e53a99dcf6a71b5a426923ed726115.webp	undefined
import-assets/furry-banlist/f87704b206fa05c166ecf18db96067b2c62cc88946d4e48ac0477ad6b3bf79cd.jpeg	undefined
import-assets/furry-banlist/553bba7622d5f010d228ef45e4bf90c2cc725f399af6f40c69d3ade82de0b641.jpeg	undefined
import-assets/huge-emojilist-furry-generator/b64c953b072b9f027b99475877e58df0.webp	undefined
import-assets/furry-banlist/791c71f73681e6ba87f2104eb14606fe3b8504b8ecd413ad13b67d7264ca3bc5.jpeg	undefined
import-assets/ai-furry-generator-style-v17/71c3c6299f16c1facd35cb6073eafe41.jpg	undefined
import-assets/huge-emojilist-furry-generator/1da114c859b22f3feb6aa3c7d3d2c3dc.jpg	undefined
import-assets/ai-furry-generator-style-v17/3ed7d139e07f7f62411f77a0eff4ee9cba3685c08ce48e949576978ab5ad3404.jpeg	undefined
import-assets/furry-banlist/82fcebeb3e834c7f9773c864f97e5555e574e7e973b95dfaa3900dc06dc93a7d.jpeg	undefined
import-assets/ai-furry-generator-style-v17/68bdcfc17b607db54a9f2eaf2ea3332f7017d851f159b61fcd14e9ced5658e55.jpeg	undefined
import-assets/furry-banlist/9e43018e9c673918a6eeed96aa16d20592e43863c6772d10c3769c7498124db2.jpeg	undefined
import-assets/huge-emojilist-furry-generator/2f25c0479c8bb5de620f21c50ed7e48a.jpg	undefined
import-assets/furry-banlist/6dd489c187e50c35be1709395e9dce61beb06337cc033ad48a83717ba12e869d.jpeg	undefined
import-assets/huge-emojilist-furry-generator/4f4eb08c57500df73d9517d7aa49458b.jpg	undefined
import-assets/ai-furry-generator-style-v17/592229e21bd0e6eff45135acbb2daabc463f6d5ceccf0658794998c2b9189f45.jpeg	undefined
import-assets/furry-banlist/d763b63a9f620ea999640288455ed380ebf32db14116c87995857d391f3dbca7.jpeg	undefined
import-assets/huge-emojilist-furry-generator/630b0c1a5ca7af32f86cec9ef48b0b58.webp	undefined
import-assets/ai-furry-generator-style-v17/1faf8698888d855ccbe732df070f4a28.webp	undefined
import-assets/ai-furry-generator-style-v17/398872cf4cbc499db0db6287f8e3eddf0d5e16e7c33f99b14b7776f37f8f5489.jpeg	undefined
import-assets/huge-emojilist-furry-generator/cf01c2d9445b7dd04f6d83b40e2bbbaf.jpg	undefined
import-assets/furry-banlist/e9294ef2b55c43453d0aa6d3c0279fa8a768f653379215fc4c0bc8ee6f5ee93e.jpeg	undefined
import-assets/ai-furry-generator-style-v17/20ffd6f212bd170a724ebacf1a6b53623e641ce30ea443b20805f46574d56bc1.jpeg	undefined
import-assets/ai-furry-generator-style-v17/31fe2e6ca97060aa00c26f9b746c5d7a.jpg	undefined
import-assets/furry-banlist/7944c34841e219939bf6dc2564df5359930adffeca0740a900fd00c5c5159395.jpeg	undefined
import-assets/huge-emojilist-furry-generator/6a7ab8adfd3b229eb8bb9fe6aa05c8f0.webp	undefined
import-assets/huge-emojilist-furry-generator/eea23bcc8a03596c6bc1a7f8dbacc98b.jpg	undefined
import-assets/huge-emojilist-furry-generator/abff40ffcc18f8329062eb36fad4716d.webp	undefined
import-assets/furry-banlist/92f7df64cdc008522c614f9fcd487dda8f94fe02b6a24084fd926af0877deb03.jpeg	undefined
import-assets/furry-banlist/74fccdc89e70de7792ca2539894b9f9715c5753f22078d117b1caef35468c34b.jpeg	undefined
import-assets/ai-furry-generator-style-v17/ebeb4c67d08d2af8e97856ead3bf7c041d03a5600f5fc6e429298dad3d8f84a2.jpeg	undefined
import-assets/huge-emojilist-furry-generator/8ff7d259b0d824bce4d0479a92f2a8b0.png	undefined
import-assets/huge-emojilist-furry-generator/ca33b10ec9b0989779124b3314990504.webp	undefined
import-assets/furry-banlist/4142c28269f309aae3da778434bc7344c03c90dce4acc8404dd4d8fb2d285e8a.jpeg	undefined
import-assets/furry-banlist/2239d810fc30cdc435554d91cc51d0bfc0a090f83ccd4fc1b9f2f02fc96dc094.jpeg	undefined
import-assets/huge-emojilist-furry-generator/58136bbd5e32c5badb7d74637c835e2c.jpg	undefined
import-assets/furry-banlist/841d30d1e0841026070fb34f68f2a2a7c46e2741eb22731fff9308a56dd1cca3.jpeg	undefined
import-assets/furry-banlist/339d3a8200c75ddf1b9cf5e686838e4f1257295df9eec5dbd94d76e210460c6e.jpeg	undefined
import-assets/furry-banlist/d7453e48c576cb5ebd4591644db7935eb1a4735b82b6866aab024ee52c899b1a.jpeg	undefined
import-assets/furry-banlist/d0424560d3a8d932d3da184116a90614e6bc0c46883024dd2cf30178a3f23977.jpeg	undefined
import-assets/furry-banlist/45a00dd86e63419f0e8a7d6c0f745ed3ee0fa0ee540e3af939cc8571fe1aa37e.jpeg	undefined
import-assets/huge-emojilist-furry-generator/fc54ea8553eccf6f58dad2287277c300.jpg	undefined
import-assets/ai-furry-generator-style-v17/9fe5936b9fe32e8c86f96ddf379ed03e.jpg	undefined
import-assets/huge-emojilist-furry-generator/65f3cdb35d246789c5a9385edd1e34c7.gif	undefined
import-assets/huge-emojilist-furry-generator/e296dadd2097319f88983a3dff68b281.webp	undefined
import-assets/furry-banlist/456210b9aaf4182438d52c66978d367c3cb8f0dda07dee80a6e270df659ce9cf.jpeg	undefined
import-assets/ai-furry-generator-style-v17/9875b6cf13493cc36330b15f9c6e391b845926b486fa777ae1a27da779849a9e.jpeg	undefined
import-assets/huge-emojilist-furry-generator/c977864b0f77c50ee41fb9025d1ab715.png	undefined
import-assets/huge-emojilist-furry-generator/fe48c2eabd1bcf82f4be224ab7f3064e.webp	undefined
import-assets/t2i-styles/765de3e463f307119a339788690c56c35ca53d8bd19364f533e65c672831c357.jpeg	undefined
import-assets/furry-banlist/0bbb08bce7edc6cac87ff602a918896bd1d00d9be795d6cef099cbe3b41cec0b.jpeg	undefined
import-assets/ai-furry-generator-style-v17/e38a50035777e83b7adf4c382ac3190ebac12daed5cfe4ed93ee58b3a959d8ae.jpeg	undefined
import-assets/huge-emojilist-furry-generator/a3d5c48305ed8261503ce28f9b70b03b.jpg	undefined
import-assets/furry-banlist/b905ba51e770510e34f3fd1da9808eac0c11735693abefce9aa82195423ae841.jpeg	undefined
import-assets/ai-furry-generator-style-v17/bc25456ab81d36e265459ad2386746545b8e4e1a7b1ea7c567a62fe7f631f32e.jpeg	undefined
import-assets/ai-furry-generator-style-v17/42f67f351ceade49fd601bec38d4dcac0174a9d65f0a074dfeffc70a2ad35c17.jpeg	undefined
import-assets/huge-emojilist-furry-generator/320fa64626db9d0d7a65d19dd32b4670.webp	undefined
import-assets/furry-banlist/8e583ed78d7d565defee1a0d4bb13ed9.jpg	undefined
import-assets/furry-banlist/d6fadd99633436b9cf09f653a7e0ec7289ef1adff1cf5ab69ebb0f97a34303b7.jpeg	undefined
import-assets/furry-banlist/45c8a97b0a77d3f53d5b1f9df3054bbcdceb99d845e3738198273630dcc6232e.jpeg	undefined
import-assets/ai-furry-generator-style-v17/266fed7c276ad126ed4b8413ec21d4807433ab3a0fb4d47f7e1df2ce4ed95547.jpeg	undefined
import-assets/furry-banlist/c160f4df7345e7dfe1399a0cb27dab8668b14cbab11a77d2bad6923b6b72a2e3.jpeg	undefined
import-assets/furry-banlist/5c4ef8ca2936bd4432f75a2091c58f1b9187ea3acfe51b6b49b67cc76942de53.jpeg	undefined
import-assets/huge-emojilist-furry-generator/973c0e7ed577ba59f0fae76acd42661c.webp	undefined
import-assets/ai-furry-generator-style-v17/27d55116d8f93fb6147a63ee46274a6cb10f583a5678e826bd3f9e409a5b0ffa.jpeg	undefined
import-assets/ai-furry-generator-style-v17/542b7c995714d8813a8418209479f8a6e7875b16c86a9c4112c0868304b7ff4d.jpeg	undefined
import-assets/furry-banlist/6623f3a6963a3443bc0c8a42035e293ed166419680c18001440ffec70693f4e7.jpeg	undefined
import-assets/furry-banlist/976e40790c8ad48b38e26e31f95587efc516fba44c8a7eb9f3e71b0e17808256.jpeg	undefined
import-assets/huge-emojilist-furry-generator/dffe00a0f1dab1ccf408422ef1c7e75f.webp	undefined
import-assets/furry-banlist/debb7da9148823ffa641f43623784717b6465f36f9cb35158a3c1878187b338a.jpeg	undefined
import-assets/ai-furry-generator-style-v17/509c864aa9ffac5b53074eeadb91919847f449ff5be24ddc5d7d2122b2ca7b36.jpeg	undefined
import-assets/huge-emojilist-furry-generator/778e48127dcea16b7bec7af703e7144d.webp	undefined
import-assets/huge-emojilist-furry-generator/f5a8317984917f524f706db1305a1ccb.webp	undefined
import-assets/furry-banlist/1a222089c2e48d5d05981ae3fafc736eee260c29cb58dd2255310aebce5cdb4b.jpeg	undefined
import-assets/furry-banlist/752b7056f821285d8fa0b986ecb2dfedb7d7e5b1153cfea523988a54ddb95ddf.jpeg	undefined
import-assets/ai-furry-generator-style-v17/207122b7a8c1157db253eb2420159bc03084e932444ddbd7ba2af299b082d179.jpeg	undefined
import-assets/ai-furry-generator-style-v17/4c90eb06d9dbe1c53bd8b12ee8b9e3a46e445b85e7149d3f097b978633212df5.jpeg	undefined
import-assets/ai-furry-generator-style-v17/9e3224c8ba6d40f4d7fbcf9735fb0b274a9d4a4a7912bb41f2288ebbed50cf47.jpeg	undefined
import-assets/furry-banlist/bf570045c997c3b22353bc304a1493ebd72a0612a499051d2fb18e7b174d4c41.jpeg	undefined
import-assets/ai-furry-generator-style-v17/9d95899e44af290a747aac9ffe1738cf127db3184c0142f14e2a3456a7643d82.jpeg	undefined
import-assets/furry-banlist/1bda31b26a4979f0d6f684b6bdcc1e85d44ad2a0e62ce51af7db161941bc4849.jpeg	undefined
import-assets/huge-emojilist-furry-generator/f0b41bdfa70d5683f4918ef29f80ae7b.jpg	undefined
import-assets/furry-banlist/d119cd82badad6e00f9c1d3653bdb47c7f8a66d7edbc24a06a9dcc8ee2e0907d.jpeg	undefined
import-assets/furry-banlist/ba957cee38397367ce36b734b89aadd7c1438838a1d11a858ba535b151a64501.jpeg	undefined
import-assets/ai-furry-generator-style-v17/d888a69be4fa9030d1836247c5e27883d4a5df4e9f0aab0f0b7c615972556741.jpeg	undefined
import-assets/furry-banlist/5d0a2f6d3bb51cb8abc1942a9624cd7196901e113cf13ca0c09201aa9c9f0559.jpeg	undefined
import-assets/furry-banlist/ffc8512ca541e47c527dda65618c34f16c6334a335b0bcebe2d7cc92acd19820.jpeg	undefined
import-assets/huge-emojilist-furry-generator/008ac783be5cadccbc8b6d043ca67e75.webp	undefined
import-assets/huge-emojilist-furry-generator/a1307a9818b644b5ef4fcf26e5d5f126.webp	undefined
import-assets/furry-banlist/5eb2735389ca291a29119eccfdb27e3b78a664f58d49238ba7b8a45375663cc0.jpeg	undefined
import-assets/huge-emojilist-furry-generator/cc7f1ab889365a457d44137e086069fd.webp	undefined
import-assets/furry-banlist/c855d981d057797a67c7149a2bb1fc224c3922abd3ec3e921fe924b9c5fbeff5.jpeg	undefined
import-assets/furry-banlist/d3a9e6ba5f4a7f597c1b5c7c0d1869ef2405137032fb8e69f50383854e250408.jpeg	undefined
import-assets/ai-furry-generator-style-v17/1f5c394872b44fa3e7e529b0184151cdaddef5586fdb2ba71114daead852ffaa.jpeg	undefined
import-assets/huge-emojilist-furry-generator/7450802f9b34d7d929de35b286fcaedb.jpg	undefined
import-assets/ai-furry-generator-style-v17/bb2dd7d85603f172c4cf21d66de3f105.jpg	undefined
import-assets/ai-furry-generator-style-v17/0cb05a9f1413413659afe70ceaf4ebca8622082ec82938211aa997b0e2cf28cb.jpeg	undefined
import-assets/furry-banlist/3b3a7a347b05a349cfc5fa4044cc4b6aae8174e568cfc34282a37024b62b21eb.jpeg	undefined
import-assets/ai-furry-generator-style-v17/00e6e7c991c9b9aa1e086201970ee008e788da97dbbb001079908bd2a4413413.jpeg	undefined
import-assets/ai-furry-generator-style-v17/91b128c46d9e616926dd49c837ccc8ba3c6f902222456296223b9a3b71a7b736.jpeg	undefined
import-assets/furry-banlist/7580295e559b4cfc31d8f714c08a80253d3715495cc7dc70b2da73b7fdbc620c.jpeg	undefined
import-assets/furry-banlist/6ed1e57765ff5fe16bf26563782c3c47aff067477126ef92e1a829292acedcb7.jpeg	undefined
import-assets/furry-banlist/c1349098f386b95ea4187f3e3872d8ce.jpg	undefined
import-assets/ai-furry-generator-style-v17/6de4a3ff4299625b274162d6e0fcb7544e2a0eb2e1b1e53255317a116c1295b4.jpeg	undefined
import-assets/ai-furry-generator-style-v17/6b33107d6bd7f716e99b1052f7b7a79e916c2f95f5ae23397a10a77f4d04e9d0.jpeg	undefined
import-assets/huge-emojilist-furry-generator/070ff65802459fbe78d1a1f449b6d14a.jpg	undefined
import-assets/huge-emojilist-furry-generator/d6619d169c98cccadedd90652e97080e.webp	undefined
import-assets/ai-furry-generator-style-v17/9dde486520f2e718489765b036b517d2bbfc7535dd8cab744463c6bc2b77137d.jpeg	undefined
import-assets/huge-emojilist-furry-generator/2442e3e99e91ac5258cd2cf87684a5e1.webp	undefined
import-assets/huge-emojilist-furry-generator/6d6314ab3043c6f930b0c1b75c43d2b8.jpg	undefined
import-assets/furry-banlist/2a6c22d9d4dedd42db94ddd6dce7d89cd07e173fa0cbd46975798a5241febbe0.jpeg	undefined
import-assets/furry-banlist/fe61344364d3e57d31ecd43b0e644e9d7be263d732a770d77010b5391d2d8bb8.jpeg	undefined
import-assets/ai-furry-generator-style-v17/61beb8ed41ff9b24db2c71c415c477fd2c804c5be6738603a50fb241a6fb0a9c.jpeg	undefined
import-assets/ai-furry-generator-style-v17/ddd4676b627cc512948ebff6b31325103de7eb4b9082400bc24f0a6ff0efc611.jpeg	undefined
import-assets/huge-emojilist-furry-generator/cdf7bd4cfe89b73e89d4d8c5e76db3c7.png	undefined
import-assets/furry-banlist/3529cb7bd96ec9bf4b0eb735110aa4f986c90ae03564e5cbfa3507edf528e597.jpeg	undefined
import-assets/ai-furry-generator-style-v17/5c55f0c4da44e4d032b233ff03efccea460328a10e9aa6aa9e2b00c9b2ffbd6f.jpeg	undefined
import-assets/huge-emojilist-furry-generator/ac341ae85746154cab811a1099c22f88.webp	undefined
import-assets/furry-banlist/57e689094b7e30f722b1d05964fd755e87d8c3d5e430f76421452c17c91bbb74.jpeg	undefined
import-assets/ai-furry-generator-style-v17/26be3d2f93acc788d4054e7494df42cd3637c352e1d99e295c2ee37425a514c4.jpeg	undefined
import-assets/furry-banlist/96c4fbfc6f1b5445198998535d080744b52b08406b84be5aa6c57ab1d7bcaa99.jpeg	undefined
import-assets/huge-emojilist-furry-generator/32ab783fc21c40b46c12f35ac583aba2.jpg	undefined
import-assets/furry-banlist/674c9d0d0f6249fd3e8c405cc418a988881ad9270bca93510036fbf2dcd3a8e4.jpeg	undefined
import-assets/ai-furry-generator-style-v17/55b7687961fafe5a78d9e592a121efac443e2c1059f06e56c02ccbf47d067174.jpeg	undefined
import-assets/huge-emojilist-furry-generator/d991f429e59bf6895c4432273b1388f2.webp	undefined
import-assets/furry-banlist/2f4502add16acf8e3330acc726b4458c598439b6b11b6131d6e286d847e1fc0b.jpeg	undefined
import-assets/ai-furry-generator-style-v17/0417731306e35f9c52ee166a856d9b27302c690ef4d75303b875f7ced3429961.jpeg	undefined
import-assets/furry-banlist/3b228a38171eac1133c885758ee97446eab169f711ee53b63bcb4b5e831df70e.jpeg	undefined
import-assets/furry-banlist/1f779fc3856c9f604927b5ee122df0ba95ff4b6e168cba83e272398ac6fe3b5d.jpeg	undefined
import-assets/furry-banlist/bb8e3fa60e6d778afb94afe6854914c88c0c0bcf6f021caf9cb0c5a43497ed2d.jpeg	undefined
import-assets/huge-emojilist-furry-generator/4e6a8756cb2faf5454fa7b4820e4d7fc.webp	undefined
import-assets/furry-banlist/f92f3b283b5699d4382cc7c8dfa0f536.jpg	undefined
import-assets/furry-banlist/4ea92a5c31acd4236994ae73c8899562715c5d151c8ef44c53c3a1df6e47c319.jpeg	undefined
import-assets/furry-banlist/aa9ae327a467560d8cb473560ab68ec9373da5eed60a076de9b739ba3e30b4f3.jpeg	undefined
import-assets/furry-banlist/dafda578609e0b1145873173be59f91669b8ba87353dd7ed8be3293e1e42dde1.jpeg	undefined
import-assets/furry-banlist/3ea4299d1ce38629d6f71a870dbfac27029b2d69ea0605082fbac8324299209e.jpeg	undefined
import-assets/furry-banlist/0223ea97da181dd3b48a21000425bb84617d8cbfd2cc5a7585973fffe47aac5f.jpeg	undefined
import-assets/furry-banlist/2b8c6c8862fbd638c93507f8b2c9ea54402314a4315330544ea524716e55f30f.jpeg	undefined
import-assets/ai-furry-generator-style-v17/9f0c93ace0fc1ad66476d08d2e71a91e.jpg	undefined
import-assets/furry-banlist/0784de70878af92bcad0aa280cffb785d2c1c276ff2b45141c7c200bde717bde.jpeg	undefined
import-assets/ai-furry-generator-style-v17/1553c8f0edadf3a7fe39eb2da104561c9fdeddc9e4cb54b4ca723e7d97bdf4ab.jpeg	undefined
import-assets/furry-banlist/2031ec0ab427c2ea15f817a9bf98b3de3e0b6befc1b22a7c5a3dc3c29ed8b33b.jpeg	undefined
import-assets/furry-banlist/20872172b3ec382474fa57deeffd99c124aed36b4a509868c782f3bbfdfa39dc.jpeg	undefined
import-assets/furry-banlist/11f36324d4e9c9c2fbbeb4b6ed0c046d9cd5fda022361a481e94b09694a3e567.jpeg	undefined
import-assets/furry-banlist/890e7bae53fcc900f932e5200fc24e77f28855a2176b9b19495d7cdf34df3cd0.jpeg	undefined
import-assets/furry-banlist/b7167b84ecdbd6cd172d0196afca6dd6e0a4bb1074e27e19a6796962d761a25a.jpeg	undefined
import-assets/furry-banlist/bf9c9f0ba4d2b502125bd7e3077bdefbdaa9210959104e20133efad433245b68.jpeg	undefined
import-assets/furry-banlist/7fc799e300b2ca2c799f1eab778265e48c566e49039e25ae5669fdd240468aef.jpeg	undefined
import-assets/ai-furry-generator-style-v17/df27fc676cabdbbeab6ec15e422a0d39dfbea7c58a1e35dfe4a527dc334b48c3.jpeg	undefined
import-assets/huge-emojilist-furry-generator/0db49750590d6247a7352fea4015595f.webp	undefined
import-assets/ai-furry-generator-style-v17/7cdddce608a0545e635fe6894e72eb094866f2207ca217d169fe757be7276f4b.jpeg	undefined
import-assets/ai-furry-generator-style-v17/3e61f970a5613b9879e1f4eeef4a8605f1ed1edaccdc64b3ee64976107add3ae.jpeg	undefined
import-assets/ai-furry-generator-style-v17/3f87172b9fccf60d7e5f236dd967c8b13e50ea842043e1d562f1f5a923a37275.jpeg	undefined
import-assets/furry-banlist/9359021049a4dbe182d53c4ea0926dd89fb00bfcad471065d026c5f155d63e4a.jpeg	undefined
import-assets/furry-banlist/099ebe8fda6380281109966ecfb57eb6867b3e4de23973657455e21dc88d4078.jpeg	undefined
import-assets/ai-furry-generator-style-v17/94c6012dbbffcb846d05e31d27f291f3cd251dfbca1a74d1c5d743f82801ba36.jpeg	undefined
import-assets/huge-emojilist-furry-generator/d82e3f680cf8803cbc209af38a339aab.webp	undefined
import-assets/furry-banlist/467c75c3beebcf9664e2209f9c80a2964522cd01ffac3b608ae87f5b07dd655d.jpeg	undefined
import-assets/furry-banlist/64832744cf18c1d85f5491831c98db0ce23869c7bb5b0ae6121f70a3a538399e.jpeg	undefined
import-assets/furry-banlist/88a41638a777f90faa08185c7beb555d2a35da31a48a2d8abc27b9e46088ea2d.jpeg	undefined
import-assets/ai-furry-generator-style-v17/30b33ca184d54255da1a0f900202d6702b34b0dd07c7699b538ac0766e9d67c7.jpeg	undefined
import-assets/ai-furry-generator-style-v17/d8a4cbe4eca1d495bedfae0966ac3ead.jpg	undefined
import-assets/huge-emojilist-furry-generator/5cac82cb8f2e3ff57d7b6920d11e0c22.webp	undefined
import-assets/huge-emojilist-furry-generator/16f1b3f7d22f52834b9b87bfa2f06679.webp	undefined
import-assets/huge-emojilist-furry-generator/14e6c77198d4ce1ff57ee576f8064a48.webp	undefined
import-assets/furry-banlist/6f1a5482498b4d62d496e076e9b29b42c3ab4d934b74f4fd8abaed99d57fd61a.jpeg	undefined
import-assets/furry-banlist/8a905f1069d016cf0313ca1c4e29468513f6c2343fb98c3e6e60e7b7c9c03dbf.jpeg	undefined
import-assets/huge-emojilist-furry-generator/014d81f86815abe4647836eb9c8ab9c4.webp	undefined
import-assets/furry-banlist/bd903e196543b76a035f4ea4ec39ac0812af64b7438cec7cae4244107ba6ffad.jpeg	undefined
import-assets/furry-banlist/256ae1aa60d83b8b2b49bf0cc04966248298d4b2ea46849f612fa32932f9d98d.jpeg	undefined
import-assets/huge-emojilist-furry-generator/b676028ed88fce22d1684556d7291794.webp	undefined
import-assets/furry-banlist/d8591109c2d8d666da636ec9dc3625c4f26e3334f56c0cc591b3492f58d77d22.jpeg	undefined
import-assets/huge-emojilist-furry-generator/7eafcd5da4eb333d056054c9acc02661.webp	undefined
import-assets/furry-banlist/cc7ee267c9111e3edc9a4a489af71425d2018328d2f99612c13991f642d24f29.jpeg	undefined
import-assets/ai-furry-generator-style-v17/23c68174495bb6aa857269573c80252f4942bf8beb291b6c9f0ff9861c7d5263.jpeg	undefined
import-assets/furry-banlist/ff7dfa88f45e3846d8f4812e8b2c41577899570d1ed6f37495e5bb9d3df80a27.jpeg	undefined
import-assets/huge-emojilist-furry-generator/0609894fe2440e1985945c46ea0fdfab.webp	undefined
import-assets/furry-banlist/a27ac8f36720eafac70031d71ae896529ea05350a65fc965a28cbffce80fefc2.jpeg	undefined
import-assets/ai-furry-generator-style-v17/6195e99648224ee3c8b20b5be94a3512.webp	undefined
import-assets/furry-banlist/3ca808f05b305af4f96c5c140b27d27b6afc3a0792137ce08c1c11569d3fe447.jpeg	undefined
import-assets/furry-banlist/5d156c2b4aa53e70c5c0446211bd18ff5e66bf57040783168c454eed15103be4.jpeg	undefined
import-assets/ai-furry-generator-style-v17/267520b46a6c0fb74ed34e90c53be6f1319332439cf8624d796c5af6691b90a3.jpeg	undefined
import-assets/furry-banlist/480eaf2823dce3228165d79b436fb3ddd37450bcc5fdb6bddf5e802b7e21826b.jpeg	undefined
import-assets/ai-furry-generator-style-v17/e983e20bce94bbd42883a79337966eebb4a6da39787f173a1f182434fac79ec3.jpeg	undefined
import-assets/ai-furry-generator-style-v17/4024133e848c9588ee9758e236ca7cc48f786d5dd46380b876ba1f5433bf0e42.jpeg	undefined
import-assets/furry-banlist/a52d92dcd7c49d204615cfd285010bd2f57ffa6cb57bb401ef6f4c1a0f299bf8.jpeg	undefined
import-assets/furry-banlist/697c07006c0258fea3a373beee6835d9e27d332e34f2e725d9b7e874d490f7fa.jpeg	undefined
import-assets/furry-banlist/7b71c244a23ac6bc1692f4a9ebeefb21ea3608c7cef949fc1db0a6b17423e944.jpeg	undefined
import-assets/furry-banlist/2cebfc9931c054196bbf24e08d6795379ef433ec438ab2bd9d5cd3eaa74b50cb.jpeg	undefined
import-assets/huge-emojilist-furry-generator/4ba60f4333d8e0c4c26a7d4a0fc33e7d.webp	undefined
import-assets/furry-banlist/f2ff7108298771da48249a90d114c471.jpg	undefined
import-assets/furry-banlist/d1a956fe3ce5d0ca5c58ca347d4336a97f390132b35dd066d27b88107c09dc62.jpeg	undefined
import-assets/huge-emojilist-furry-generator/c123e86531aa0aa4b7cefcb849131e61.webp	undefined
import-assets/furry-banlist/c3e93a32882e335e63a441d382025b1a8bbfe1ce8f84b4855afdfcf626ee8e25.jpeg	undefined
import-assets/t2i-framework-plugin-v2-furry-v1/89a19a1e51a6fba2128084950a55fece.json	undefined
import-assets/huge-emojilist-furry-generator/335a7ff0d4cd4335ff7c955a4477892e.webp	undefined
import-assets/ai-furry-generator-style-v17/557dd8985d0979482e2e195825fabaedd560937f006fce05ad82a0222b070ac9.jpeg	undefined
import-assets/furry-banlist/659eccfc886f931d378af1d2f816ef0bd4cd7e10dfeac251d2f7b65988dca10f.jpeg	undefined
import-assets/ai-furry-generator-style-v17/02757601b704e72b553c804ddf6d6dab.webp	undefined
import-assets/furry-banlist/865b36351d8ecb3a04d10b541f5579817a4b1340d17648527cee77da8065cd80.jpeg	undefined
import-assets/furry-banlist/0542cd14b77475e1c86d89ab5e8447429b05b54e6b85d030c1862e86cb338f6a.jpeg	undefined
import-assets/ai-furry-generator-style-v17/962734825345903d717b21f19d6091fc.webp	undefined
import-assets/furry-banlist/8991ecf9554b75e59da3c5073b3ee105af689fd976c8b437faaaf3a3fc92bdd4.jpeg	undefined
import-assets/furry-banlist/6bf75f08bc7b3e2729dc0e0da7eecfed01ca158b746707774c82a2d1f2aeba11.jpeg	undefined
import-assets/huge-emojilist-furry-generator/dfd438d475c1026f18bf7620041a407a.webp	undefined
import-assets/furry-banlist/0c340c31b4b2cd10f0fd17b7498072959542b1b5334b8082e9bec67eeeb28bf0.jpeg	undefined
import-assets/huge-emojilist-furry-generator/6a30ca2cec831d398a25904392c12fba.webp	undefined
import-assets/huge-emojilist-furry-generator/fd3fd10e19c5504f27b5a27cdb964cc4.webp	undefined
import-assets/ai-furry-generator-style-v17/b1e6bfc160eccb05f86de34a7458f6c5489201be2d49508fc2bd3d3fd30ad2f9.jpeg	undefined
import-assets/furry-banlist/571d518c0355144856ba9fb68186ad9c347e8d9e0f946b362a69c26f56fe2939.jpeg	undefined
import-assets/furry-banlist/b9290f05c921fc7f5d0afcef95c99ab0e8b184017067ec027468b5d7c5139217.jpeg	undefined
import-assets/huge-emojilist-furry-generator/779013fa40096d05936d84a1a0fa5d6c.webp	undefined
import-assets/furry-banlist/bd6743100f3dbd5207570921738319c1970638e2c8e852820e228e24abe9dd02.jpeg	undefined
import-assets/ai-furry-generator-style-v17/a33c5f882d2b285b9be00650738c4f7b.webp	undefined
import-assets/ai-furry-generator-style-v17/13ea77b31746a91d8070a5acc9fd2df2d5759df82607bbb8dac63f45693932e5.jpeg	undefined
import-assets/huge-emojilist-furry-generator/11c04b32f0932ae6116cb14013bb6233.png	undefined
import-assets/furry-banlist/f1fe4f1c19be5c116640013acda2732ca38539b032cf26e8ace929b27e148754.jpeg	undefined
import-assets/furry-banlist/1bb711648e19921dd8e815438233b307f1d0422cfc56a4fc1b1435588e0aa893.jpeg	undefined
import-assets/furry-banlist/36ded34d4418674994a07fe680b0b7611d30557551bf49d2f5296da9ad61842d.jpeg	undefined
import-assets/furry-banlist/7b229bd4866aef6f4b51faf7176d1695ef15249dafdaffdce16ba43a5fa4fff0.jpeg	undefined
import-assets/furry-banlist/50a911a55d51c84ade2443df0dc814f5b50ba481512ef57508620384ec0c2773.jpeg	undefined
import-assets/furry-banlist/2ba1d2474cc5f31877d7ab1b684668a6df17c2d0ac65a2c22256f30c9e42ed21.jpeg	undefined
import-assets/furry-banlist/0012d1e0c307a516474d40483ec9a3fff45b3b6201a9735f78d2dc17f5283286.jpeg	undefined
import-assets/furry-banlist/b125add7ab81b08e82807c315a90594719510b72494ffe3721f370f63fe6a391.jpeg	undefined
import-assets/ai-furry-generator-style-v17/e63214a898977b67ad3a77dafbf2e0e7.webp	undefined
import-assets/huge-emojilist-furry-generator/4c8b2e320569946ccebefc1deedce184.webp	undefined
import-assets/huge-emojilist-furry-generator/204fd67053b0ddfd948369549943293b.webp	undefined
import-assets/furry-banlist/f3ae6834f7b1f06c2e8851ce907b998534b707a8fc4d5ad4e95bcc540a4a34c7.jpeg	undefined
import-assets/ai-furry-generator-style-v17/3f1fa72072f5b416932cb21d24f7a38d.webp	undefined
import-assets/ai-furry-generator-style-v17/856afc3b3301b36de17acc1927cb4afcc6ab90fc65f67e1dda15bee1540f035f.jpeg	undefined
import-assets/ai-furry-generator-style-v17/98340b858f9ddacb4222d3ee95432d32.webp	undefined
import-assets/ai-furry-generator-style-v17/c84d0233d55bc136ecbe7c0f1d3cffea.webp	undefined
import-assets/furry-banlist/b8cf9a48bbee434c23e2053d84e69ad46c9835d270dcfa630f8bd0d522a9a3ac.jpeg	undefined
import-assets/ai-furry-generator-style-v17/c8cd78bc9eaa8284729e3c387b2d3ae1.webp	undefined
import-assets/furry-banlist/1cd8c0b7a35e267b8fb26b45255dc5da9437fc283a9a11f236a67486a6a43328.jpeg	undefined
import-assets/furry-banlist/df132012ee3bf483858edc7cb9612052a6a99d2cc634777f6d5fb382c91fe4b1.jpeg	undefined
import-assets/huge-emojilist-furry-generator/3d9f8095b3d4f19b2cb0e724d779037b.webp	undefined
import-assets/ai-furry-generator-style-v17/a3c99b52fcdb3cfb87781875aa49ffe80b91082a89f072d8aacc5cff4461587a.jpeg	undefined
import-assets/ai-furry-generator-style-v17/46fcd47541a690984848606c8d311aca.webp	undefined
import-assets/ai-furry-generator-style-v17/cf31055ced055497d3d8675afbae48b6.webp	undefined
import-assets/huge-emojilist-furry-generator/7bd88b8f7eca6f0333d54ca5e8476bad.webp	undefined
import-assets/ai-furry-generator-style-v17/dbbf0024c84d590f7a44817c8940d647.webp	undefined
import-assets/ai-furry-generator-style-v17/c4675eb9236b6235db5828e3fc3f15d4.webp	undefined
import-assets/ai-furry-generator-style-v17/1d7bae92aa7367150a08b28b32b9d98d.webp	undefined
import-assets/huge-emojilist-furry-generator/98b4a0b38214f4d3613828f5399ce642.webp	undefined
import-assets/ai-furry-generator-style-v17/948c54bd8e62464285e60b99aeb001df.webp	undefined
import-assets/ai-furry-generator-style-v17/c206f623bc4b239eb6edd95b3808da7a.jpg	undefined
import-assets/huge-emojilist-furry-generator/b928ede565b95e8c3f4b7ab33f842144.gif	undefined
import-assets/furry-banlist/f800114573765bc7b4d6c08ab4dc6a917fcfef63054b00e9e99a894b50391a73.jpeg	undefined
import-assets/ai-furry-generator-style-v17/bb89f0a90247a0efba634cd2f5945049.webp	undefined
import-assets/huge-emojilist-furry-generator/c2bf14ba862f2e89684de3ea79f8d977.gif	undefined
import-assets/ai-furry-generator-style-v17/7acaa5274349c98e535336290763dfc0.webp	undefined
import-assets/furry-concept-board/fdcd4651692a065a2a857fd577d5c8c1.jpg	undefined
import-assets/ai-furry-generator-style-v17/52bba75556853ee80a9801e8c4cc82cd.webp	undefined
import-assets/ai-furry-generator-style-v17/ed502bd0c88a0e913a1d29fc0565b1be.webp	undefined
import-assets/huge-emojilist-furry-generator/733efa58665dd7d534463491e001f2b5.gif	undefined
import-assets/huge-emojilist-furry-generator/9f1a2a93d6f9c44684afe39e98ae9239.webp	undefined
import-assets/huge-emojilist-furry-generator/0c5dd63732b00b2a902e9c6253b3d629.webp	undefined
import-assets/ai-furry-generator-style-v17/56d75658276c24b8b7d9d35e15eb9f0145b28e49bec51a9b59747e4f7b424b96.jpeg	undefined
import-assets/ai-furry-generator-style-v17/fa1250de1f80b3d40f5d6777deb4c832.webp	undefined
import-assets/ai-furry-generator-style-v17/a9b75dcf23c047c8653085b7ee9a93da.webp	undefined
import-assets/furry-banlist/fe58ce8b00472cdecdd639ba92952ef65ef41f7d662fa504a2723fc363236a71.jpeg	undefined
import-assets/huge-emojilist-furry-generator/6b7ddac7b8e59800da4ec80459f58e53.webp	undefined
import-assets/ai-furry-generator-style-v17/7869155be4fc1da0c0708a5bb8de3991.webp	undefined
import-assets/ai-furry-generator-style-v17/cac6adf3d35cf3b3cae43fa020823de5.webp	undefined
import-assets/ai-furry-generator-style-v17/e1864d91ae2897e0a51fbc5d715d8714.webp	undefined
import-assets/ai-furry-generator-style-v17/8d7f0ce9253a5d369c6533ffc07be369.webp	undefined
import-assets/ai-furry-generator-style-v17/11db11aaecf5545fa031830499811747.webp	undefined
import-assets/ai-furry-generator-style-v17/3c74e00734736b914ceecc09952acbf4.webp	undefined
import-assets/ai-furry-generator-style-v17/5de71d8bc377ea1b787e136b54e2c8ed.webp	undefined
import-assets/huge-emojilist-furry-generator/df459fec23400a79d9cc000569b71c77.jpg	undefined
import-assets/ai-furry-generator-style-v17/1b4b5a81116643a0b7b1bb0761006851.webp	undefined
import-assets/ai-furry-generator-style-v17/289672a186a45a8b285b0f5c8e587722.webp	undefined
import-assets/ai-furry-generator-style-v17/302a360a26e2aa0fa7dc843dbabd5168.webp	undefined
import-assets/huge-emojilist-furry-generator/666dd929595ba6274713e958df3aa037.webp	undefined
import-assets/ai-furry-generator-style-v17/1ad8cee27940005c368a0247766b8ff8.webp	undefined
import-assets/ai-furry-generator-style-v17/d3e6f87fe23ec935eb7c815c08eb341f.webp	undefined
import-assets/ai-furry-generator-style-v17/6cc6a417e7aa4bc3435b3456f48661dd.webp	undefined
import-assets/ai-furry-generator-style-v17/1febdcce810cd6d3080a4f0f51906b54.webp	undefined
import-assets/ai-furry-generator-style-v17/c302429bdbaffafb55556601309c18eb.webp	undefined
import-assets/huge-emojilist-furry-generator/20a3dbb3a9c32ad5d73300009f6d2801.gif	undefined
import-assets/ai-furry-generator-style-v17/167eed7d55602bd3abcea3ad88095013.webp	undefined
import-assets/ai-furry-generator-style-v17/cbb41f497eaefdd0b2d0a08c30cc7a2a.webp	undefined
import-assets/ai-furry-generator-style-v17/caff5e943b342475a6379058068e5630.webp	undefined
import-assets/huge-emojilist-furry-generator/404b7e6890f3d590cb5422c2c2914d22.gif	undefined
import-assets/ai-furry-generator-style-v17/71135a10ae84546fa116e5878383426d.webp	undefined
import-assets/ai-furry-generator-style-v17/29b78833397ed2123039b701e1710346.webp	undefined
import-assets/ai-furry-generator-style-v17/b5c7f0460eae0f7c8ea59c96889b3f41.webp	undefined
import-assets/ai-furry-generator-style-v17/9e4049f39c4dc767768ad797348ec492.webp	undefined
import-assets/ai-furry-generator-style-v17/0c8dca3b24894a625dff713f47325b0e.webp	undefined
import-assets/ai-furry-generator-style-v17/f8c35d0c8790476161f8cb8ee0b659f0.webp	undefined
import-assets/ai-furry-generator-style-v17/d3252c8e6e44774f6233a9d089e9563d.webp	undefined
import-assets/huge-emojilist-furry-generator/899eff46a6547a51de0a23021454214e.gif	undefined
import-assets/ai-furry-generator-style-v17/39107efd70962f49dbe52269a88cd5cd.webp	undefined
import-assets/ai-furry-generator-style-v17/75e305682c87e1ab6ea04a405666b30c.webp	undefined
import-assets/ai-furry-generator-style-v17/1bcd2543d6b455b6670eef9cf376fed6.webp	undefined
import-assets/ai-furry-generator-style-v17/358367b593ac648176d7dcf61835c430.webp	undefined
import-assets/ai-furry-generator-style-v17/8cf5565903ed6e75de37b1511394f600.webp	undefined
import-assets/ai-furry-generator-style-v17/e37bf529b2645722b6b5ecaa009d8035.webp	undefined
import-assets/ai-furry-generator-style-v17/c53a2edd81c0d7badca2811ed9ac8820.webp	undefined
import-assets/ai-furry-generator-style-v17/aec9eed3864780e0b2856a8224871c64.webp	undefined
import-assets/ai-furry-generator-style-v17/93bc6d45041a8e6a4b5a16a8b8b7e6a8.webp	undefined
import-assets/ai-furry-generator-style-v17/6381b83c3fb0001b7ff068dfed3ccc57.webp	undefined
import-assets/ai-furry-generator-style-v17/916bdd9806d808d98c2f67785a703788.webp	undefined
import-assets/ai-furry-generator-style-v17/7ca610490c848db500576f9bff9025b3.webp	undefined
import-assets/ai-furry-generator-style-v17/7df4a85ec5f018f6b8951c4d9456a3c1.webp	undefined
import-assets/ai-furry-generator-style-v17/d55e0e03420524025c468442eb246be6.webp	undefined
import-assets/ai-furry-generator-style-v17/5e43858004c5414195973067c3bc4f95.webp	undefined
import-assets/ai-furry-generator-style-v17/ba8bcee496d49c117ba1f4bffa87e951.webp	undefined
import-assets/huge-emojilist-furry-generator/0efcda1eb808bf9fc39b7af1d4a87af0.webp	undefined
import-assets/furry-banlist/f0593bd7d33f7629d7684f3247b82dcf.webp	undefined
import-assets/ai-furry-generator-style-v17/5dd7fdd82abf8298899e59e273b30565.webp	undefined
import-assets/ai-furry-generator-style-v17/bfd3ab3a7188c964f4e83e35690c4739.webp	undefined
import-assets/ai-furry-generator-style-v17/c0d4265fa1abe4a890e1fb72f5604ac6.webp	undefined
import-assets/ai-text-plugin/e29eab687b1fbf129076ec6057484bb3.js	undefined
import-assets/ai-furry-generator-style-v17/7ef024812a7cace6a97f66cd2cc5b211.webp	undefined
import-assets/ai-furry-generator-style-v17/4f202df83ca078aa926dce061302e6cb.webp	undefined
import-assets/ai-furry-generator-style-v17/38a60f81002e5ea73aea9df1f158ce90.webp	undefined
import-assets/ai-furry-generator-style-v17/1f874f1edce5f11726dac186cb3222e4.webp	undefined
import-assets/ai-furry-generator-style-v17/77eafad2ad91eb32618cb47c46810fb5.webp	undefined
import-assets/ai-furry-generator-style-v17/7fc3c2c095aa6329a575dd8ec91803fc.webp	undefined
import-assets/huge-emojilist-furry-generator/56b51bf136fe0af5b5440c27b4aca486.jpg	undefined
import-assets/ai-furry-generator-style-v17/a718672b84bebbf2112c4c0761ce35f5.webp	undefined
import-assets/ai-furry-generator-style-v17/b08b3865b85481e074f857b40c79b59f.webp	undefined
import-assets/ai-furry-generator-style-v17/f61d1b5583f4a291cc6fb6d5abbdaf8d.webp	undefined
import-assets/ai-furry-generator-style-v17/3d21c73e0192b29fa5e286c4f1ec949b.webp	undefined
import-assets/ai-furry-generator-style-v17/b4f3f16268397db8ca658a22c303e83a.webp	undefined
import-assets/ai-furry-generator-style-v17/6fec5e6350f01840f95ac17cb31cd08a.webp	undefined
import-assets/huge-emojilist-furry-generator/892ff189cfc6f06a4c049160de9963e7.png	undefined
import-assets/ai-furry-generator-style-v17/e300e5c7301de954c468cd4b5488ebac.webp	undefined
import-assets/ai-furry-generator-style-v17/7fb72b1906c7e67c5b742035058143fe.webp	undefined
import-assets/ai-furry-generator-style-v17/b1877d66fd7de40d078374c4aaba6c32.webp	undefined
import-assets/ai-furry-generator-style-v17/c443cf06d4ae65e2e1c93cc8ed050a01.webp	undefined
import-assets/ai-furry-generator-style-v17/da918bb048220674ff08980689566d1d.webp	undefined
import-assets/ai-furry-generator-style-v17/225ecc962ceff6599a528b9e3baadd4b.webp	undefined
import-assets/ai-furry-generator-style-v17/6f6d8f6f7b44d29e73c34bfc9f433a1d.webp	undefined
import-assets/ai-furry-generator-style-v17/bb8f4a578c40cd41687f4f5ede878650.webp	undefined
import-assets/ai-furry-generator-style-v17/6451160131b04a351cafed548eae22bf.webp	undefined
import-assets/ai-furry-generator-style-v17/0711d4abfed55e588b8407799b7739cd.webp	undefined
import-assets/furry-banlist/331bb0a6a4e1d56ce5f9d164a9e02e67.webp	undefined
import-assets/ai-furry-generator-style-v17/2894f25722f2e5d6efbd7bbcf5da73eb.webp	undefined
import-assets/huge-emojilist-furry-generator/d0b1289147b2bd3d0e0d3013cd08df4c.jpg	undefined
import-assets/ai-furry-generator-style-v17/6a0088d446042df0f18a3cfb5bf7d244.webp	undefined
import-assets/upload-plugin/fcf0aa53193434e1de2a3a2b878bb893.txt	undefined