category,title,emoji,url
music,"Celtic Autumn Harvest","🍀",https://user.uploads.dev/file/729d51bd7f3d73e53f39e40abed63b46.mp3
music,"Retro Synthwave","🛼",https://user.uploads.dev/file/e376c269e716e1643f79a0f8e60953e1.mp3
music,"Soft Gentle Piano","🎹",https://user.uploads.dev/file/1e1da2252b897499207306428851ae22.mp3
music,"Cozy Quiet Tavern, Guitar","☕",https://user.uploads.dev/file/a478e09e8bd083f2f0f4926c11b26f74.mp3
music,"Immersive Epic Fantasy","⚔️",https://user.uploads.dev/file/6182d658570e7ed2f73279d3f9181ecb.mp3
music,"Soft Elegant Piano","🎹",https://user.uploads.dev/file/41715fa7a7d1073b1cee22434e8e737f.mp3
music,"Summer Vibes, River","🏞️",https://user.uploads.dev/file/ed7af5c07ce4377c20d07aeda39d968b.mp3
music,"Preparing for the Quest","📜",https://user.uploads.dev/file/9e07a06b6549837087c5e7b61a5f01fd.mp3
music,"Forest Adventure, Ambient","🌲",https://user.uploads.dev/file/b8b0cc48d8fb1e6ee1a314250d3e2307.mp3
music,"Rainy Day, Piano","☕️",https://user.uploads.dev/file/5eacd0122359eaa89d1b282d1e24bf59.mp3
music,"Morning Vibes, Lofi","🧘‍♀️",https://user.uploads.dev/file/abf990528e3427eebf79885a5fcbf32a.mp3
music,"80's Lofi Hiphop","🌃",https://user.uploads.dev/file/1979704506beb8cc5b8fd144c0d9ace7.mp3
music,"Epic Cinematic Awe","🍿",https://user.uploads.dev/file/24d46ec59d00c174a321b3b3a77f3c89.mp3
music,"Eastern Fantasy Vibes","⛩️",https://user.uploads.dev/file/fd7672362acd646710b111845b585f27.mp3
music,"Cozy Fairytail Fantasy","🧚‍♀️",https://user.uploads.dev/file/50a953934d550f9487c249a7b0b80bbd.mp3
music,"Ambient Tranquil Fantasy","🪷",https://user.uploads.dev/file/acfdbc7c843c29cf286caa3d244a3ee0.mp3
music,"Fantasy Exploration (Calm)","🗺️",https://user.uploads.dev/file/6252394fcf3c193823018f370d218fda.mp3
music,"Ambient Ethereal Vocals","🌫️",https://user.uploads.dev/file/31dc821b63f0db13a7b3ede3d891c5b2.mp3
music,"Ambient Hogwarts Vibe","🧹",https://user.uploads.dev/file/ab8afcfb0aa8883463fc7386efd87472.mp3
music,"Calm Dark Academia Piano","🤎",https://user.uploads.dev/file/ef26fe8e4895ebe4125b554b287e7e14.mp3
music,"Calming Japanese Instrumental","🎐",https://user.uploads.dev/file/214833b84e77432e311c2e47ac2ba440.mp3
music,"Celtic Harp","𝄞",https://user.uploads.dev/file/8ae7e6dec7ff288ff4f4d25b9911544c.mp3
music,"Cozy Hobbit Living Room","🧒",https://user.uploads.dev/file/469c4fd6a3e83465d6283e0483da5000.mp3
music,"Dark Academia Train Ride","🚂",https://user.uploads.dev/file/b91c4b0fd0016138e7c721062a284c43.mp3
music,"Gentle Fantasy Anime Vibe","👒",https://user.uploads.dev/file/1855082aa8fab9675e0341b39a424e3d.mp3
music,"Gentle Inspiring Piano","🍂",https://user.uploads.dev/file/3b940c4fa4201074a7b112495cf5a14b.mp3
music,"Japanese Instrumentals","🍵",https://user.uploads.dev/file/7c6df2b832f50bacf1777520acb1ded3.mp3
music,"Japanese Road Trip","🗼",https://user.uploads.dev/file/ee667bb34fa81e92339b0037dcc5ccc7.mp3
music,"Japanese Upbeat Wistful","🩹",https://user.uploads.dev/file/e2f34e6fb2c53c91d5ebef6183288d4d.mp3
music,"Kawaii Vocals","🧋",https://user.uploads.dev/file/4a376965fe387eea741349869e26cd96.mp3
music,"Medieval Folk","📜",https://user.uploads.dev/file/0486809b5b02408acb3d2ad36942fc1a.mp3
music,"Difficult Journey Orchestral","🏔️",https://user.uploads.dev/file/aac989d61ca39bd66553ddc13fd93ec8.mp3
music,"Relaxing Celtic","💚",https://user.uploads.dev/file/073662830cd824d640f28de796e9e465.mp3
music,"Relaxing Iconic Piano","🥇",https://user.uploads.dev/file/753e04549c0d30e10447b981afcfb0fd.mp3
music,"Soft Hymnal Instrumental","🎼",https://user.uploads.dev/file/a3378e7e12e1ce7cf3a464056e79ef86.mp3
music,"Scottish Highlands (Bagpipes)","🏴",https://user.uploads.dev/file/bbfda1aa43149980d104bbc84d9f4da6.mp3
music,"Serene Sci-Fi","🪐",https://user.uploads.dev/file/f463c6e7c8b6e6abae2acdf423a72f90.mp3
music,"Soft Sci-Fi","☄️",https://user.uploads.dev/file/5ca2c3e11243c1dec20b274ce6d8d2ec.mp3
music,"Soothing Elven Vocals","🧝‍♀️",https://user.uploads.dev/file/5d11408fd625df97743095488c2284a5.mp3
music,"Tokyo Vibes","🗼",https://user.uploads.dev/file/c8100c5ba725441c747a0483bbf3f3fe.mp3
music,"Very Gentle Ethereal","😌",https://user.uploads.dev/file/0bf90087944ff9b441089fc0d54ad03a.mp3
music,"Wistful Peaceful Forest","🍃",https://user.uploads.dev/file/2f3b33d14df71a83c371cc51441e9ac7.mp3
music,"Wistful Piano","🕊",https://user.uploads.dev/file/7f06357b5112c77e1139d38778dacb86.mp3
music,"Wistful Sci-Fi","🌌",https://user.uploads.dev/file/ca38400ca13388c03fb689b0ab528dbf.mp3
background,"Afternoon Marketplace","🧺",https://user.uploads.dev/file/a7732352677934ad3ac0e98e577efb56.mp4
background,"Solarpunk City","🏙",https://user.uploads.dev/file/404076e6bb950071724c709956a1ca7c.mp4
background,"Ocean View","🌅",https://user.uploads.dev/file/aefae58a512bbf5fa05547eabf6c9582.mp4
background,"Cute Farmhouse","🌾",https://user.uploads.dev/file/e56f5778f83d80dc966ca91a3d050ea4.mp4
background,"Cosy Room","🧸",https://user.uploads.dev/file/37a72fc18e9b95c5b8580b8297a2ea81.mp4
background,"Dormitory","🛏️",https://user.uploads.dev/file/0ec7852db236b07de5f71798103d1ba7.mp4
background,"Sunlit Cabin","☀️",https://user.uploads.dev/file/48b3222ec4e8907dcc3eae2484d2d456.mp4
background,"Floating on Back","🏊",https://user.uploads.dev/file/3fbf15f79e54fde4072aa9698fa3de42.webm
background,"Abandoned City","🏚",https://user.uploads.dev/file/a32ddbf40f956968436f9f613ef3fd06.mp4
background,"Abandoned Station","🚊",https://user.uploads.dev/file/48dd46475cf498a29b4b84f0b2e998f2.mp4
background,"Forest Campsite","🏕️",https://user.uploads.dev/file/fee29b9182cdf73e84d90227df424823.mp4
background,"Sinking Ruins Forest","🏛️",https://user.uploads.dev/file/59d5fef2a68606ceec850252d5dfeb3d.webm
background,"Cute Snowy Forest","❄️",https://user.uploads.dev/file/aa7e072933e66c92f485aba23520ae17.mp4
background,"Zelda","🗡️",https://user.uploads.dev/file/b1c9793539f3dfac5718856bf684aadc.mp4
background,"Wilderness Snow","🏔️",https://user.uploads.dev/file/87a33181d41894c7a92ac24fca3ea3fd.mp4
background,"Japanese Autumn","🍂",https://user.uploads.dev/file/f4c8f17b576b4b2227c3f5291a9bee90.mp4
background,"Grassy Hillside Village","🌾",https://user.uploads.dev/file/4e059e5ceaf5d9d8b7cce44f5a7b5f23.webm
background,"Cyberpunk City","🌃",https://user.uploads.dev/file/d313697907717f2320f4bb715c6aa98e.webm
background,"Sleepy Cyberpunk","🌃",https://user.uploads.dev/file/54c47d79c55f56f02d63aeaef61bc42e.mp4
background,"Cyberpunk Cafe","🌃",https://user.uploads.dev/file/f2d05fd62257734d6d4a2bf6088b1785.mp4
background,"Dusk Silhouette","🌆",https://user.uploads.dev/file/21a9add7735340351ae6094a5ab1bb05.mp4
background,"Neon Alleyway","🌆",https://user.uploads.dev/file/349b18e56ff9ac3d22142b232acc6f8e.webm
background,"Fuji Village","🗻",https://user.uploads.dev/file/cca1e8143714e517e79eaf19739df9fd.mp4
background,"Portal Gate","⛩️",https://user.uploads.dev/file/80a1975a069a6cb7b0b3a058bb7a8d6c.mp4
background,"Moonlit Campfire","🫕",https://user.uploads.dev/file/c0a6f1d8573ba6072a635803bc1b4cd5.mp4
background,"Port Town Sunset","⛵",https://user.uploads.dev/file/7f7315e9f5ab49da3376ed7f7dde37ac.mp4
background,"Relaxing Minecraft","⛏️",https://user.uploads.dev/file/b811b143b384b3202752ad3c64481373.mp4
background,"Hollowknight","⚔️",https://user.uploads.dev/file/67b96adb450fd346e5361fe30ab64be2.mp4
background,"Elden Ring","⚔️",https://user.uploads.dev/file/accbe50140041e89ebffb1649fe7f641.mp4
background,"Pixel Village","🏰",https://user.uploads.dev/file/630d2e847b0cba30158073ef8db12d6c.mp4
background,"Sunset Abandoned Train","🚋",https://user.uploads.dev/file/3b30b3f9fe2d1407a14632b5c1e0a8fb.webm
background,"Cave Overlooking Mist","⛰️",https://user.uploads.dev/file/620c8e271c512a5860d1e0be4fc4ef35.mp4
background,"Snowy Viking Village","🌫",https://user.uploads.dev/file/8eb17b6322e41e41a3e815971d49c9b1.mp4
background,"Pixel Arctic City","🌨️",https://user.uploads.dev/file/36f2b749944860ea1f599ee51f40f870.gif
background,"Pixel City Sunset","🌇",https://user.uploads.dev/file/dc84e16a698aff6369d4ff63a435db2c.gif
background,"Snowy Pixel Temple","🏯",https://user.uploads.dev/file/757acf58dbda3d2a4c8429c2225b4b08.gif
background,"Pixel Seaside Forest","🏞️",https://user.uploads.dev/file/ad0697cd555be8f750e4a9d0b0fe50a9.gif
background,"Appa Sunset Ride","🐂",https://user.uploads.dev/file/df08b0d8ab1f262f929c0706774ebf0e.webm
background,"Haku Dragon","🐉",https://user.uploads.dev/file/a2089479d88005221cc46d22ee560e12.webm
background,"AoT Ocean","🌊",https://user.uploads.dev/file/1b83cab0ef5f0120b2a2a9dd0f84b617.webm
background,"Japanese Living Room","🍵",https://user.uploads.dev/file/34a83ecfa8ec3bf1959daf36519aaa2b.webm
background,"Autumn Samurai","🍂",https://user.uploads.dev/file/c1392fbd65273e70c02a5490a62bd331.webm
background,"Rune Mountain Path","⛰︎",https://user.uploads.dev/file/4869c86ed749ccc5797f8712c99e9b6b.webm
background,"Dungeon Entrance","🕸️",https://user.uploads.dev/file/e92d4ab750986076bb7bc075c73415e5.mp4
background,"Small Forest Cabin","🌲",https://user.uploads.dev/file/d30e93d6bc6110c5f1314dfaec7d943f.webm
background,"Up Late, Rainy Night","🪟",https://user.uploads.dev/file/b8b6fb4750ddfebde17ac9a93c3bb866.mp4
background,"Sunken Giant Statue","🗿",https://user.uploads.dev/file/45bd7cc56bee0839bb0029db92547ead.mp4
background,"Mountain Meadow Cottage","👒",https://user.uploads.dev/file/01cf8c7478fcbae8aaa20ec800325174.mp4
background,"Anime Rain Puddle","💧",https://user.uploads.dev/file/b248270bbc2c80953e8a1d9269c919ea.mp4
